_CHH9KN1bO5cs_GHjQ-r1A,Jan,3.555555556
_CHH9KN1bO5cs_GHjQ-r1A,Feb,3.421052632
_CHH9KN1bO5cs_GHjQ-r1A,Mar,3.192307692
_CHH9KN1bO5cs_GHjQ-r1A,Apr,4.75
_CHH9KN1bO5cs_GHjQ-r1A,May,3.5
_CHH9KN1bO5cs_GHjQ-r1A,Aug,3
_CHH9KN1bO5cs_GHjQ-r1A,Sep,2
_CHH9KN1bO5cs_GHjQ-r1A,Oct,2
_CHH9KN1bO5cs_GHjQ-r1A,Dec,3
_v6HIliEOn0l0YaAmBOrxw,Jan,2.714285714
_v6HIliEOn0l0YaAmBOrxw,Feb,3.071428571
_v6HIliEOn0l0YaAmBOrxw,Mar,2.6875
_v6HIliEOn0l0YaAmBOrxw,Apr,3.375
_v6HIliEOn0l0YaAmBOrxw,May,3
_v6HIliEOn0l0YaAmBOrxw,Jun,2.8
_v6HIliEOn0l0YaAmBOrxw,Jul,3.68
_v6HIliEOn0l0YaAmBOrxw,Aug,3.260869565
_v6HIliEOn0l0YaAmBOrxw,Sep,3.36
_v6HIliEOn0l0YaAmBOrxw,Oct,2.588235294
_v6HIliEOn0l0YaAmBOrxw,Nov,2.6
_v6HIliEOn0l0YaAmBOrxw,Dec,3
05fTEsjUPVo5jks8PpNKCQ,Jan,4.166666667
05fTEsjUPVo5jks8PpNKCQ,Feb,4.041666667
05fTEsjUPVo5jks8PpNKCQ,Mar,4.205128205
05fTEsjUPVo5jks8PpNKCQ,Apr,3.787234043
05fTEsjUPVo5jks8PpNKCQ,May,3.843137255
05fTEsjUPVo5jks8PpNKCQ,Jun,4
05fTEsjUPVo5jks8PpNKCQ,Jul,3.72
05fTEsjUPVo5jks8PpNKCQ,Aug,3.916666667
05fTEsjUPVo5jks8PpNKCQ,Sep,3.933333333
05fTEsjUPVo5jks8PpNKCQ,Oct,3.575
05fTEsjUPVo5jks8PpNKCQ,Nov,3.607142857
05fTEsjUPVo5jks8PpNKCQ,Dec,4.105263158
1yx2zLskVTe5WQdYjL2Apw,Jan,4.066666667
1yx2zLskVTe5WQdYjL2Apw,Feb,3.7
1yx2zLskVTe5WQdYjL2Apw,Mar,4.210526316
1yx2zLskVTe5WQdYjL2Apw,Apr,4.258064516
1yx2zLskVTe5WQdYjL2Apw,May,4.115384615
1yx2zLskVTe5WQdYjL2Apw,Jun,4.175
1yx2zLskVTe5WQdYjL2Apw,Jul,4.431818182
1yx2zLskVTe5WQdYjL2Apw,Aug,4
1yx2zLskVTe5WQdYjL2Apw,Sep,4.038461538
1yx2zLskVTe5WQdYjL2Apw,Oct,4.130434783
1yx2zLskVTe5WQdYjL2Apw,Nov,4.24
1yx2zLskVTe5WQdYjL2Apw,Dec,3.76
2e2e7WgqU1BnpxmQL5jbfw,Jan,3.583333333
2e2e7WgqU1BnpxmQL5jbfw,Feb,3.5
2e2e7WgqU1BnpxmQL5jbfw,Mar,3.739130435
2e2e7WgqU1BnpxmQL5jbfw,Apr,3.921052632
2e2e7WgqU1BnpxmQL5jbfw,May,3.697674419
2e2e7WgqU1BnpxmQL5jbfw,Jun,3.322580645
2e2e7WgqU1BnpxmQL5jbfw,Jul,3.46875
2e2e7WgqU1BnpxmQL5jbfw,Aug,3.347826087
2e2e7WgqU1BnpxmQL5jbfw,Sep,3.577777778
2e2e7WgqU1BnpxmQL5jbfw,Oct,3.911111111
2e2e7WgqU1BnpxmQL5jbfw,Nov,3.5625
2e2e7WgqU1BnpxmQL5jbfw,Dec,3.12195122
34uJtlPnKicSaX1V8_tu1A,Jan,3.666666667
34uJtlPnKicSaX1V8_tu1A,Feb,3.392857143
34uJtlPnKicSaX1V8_tu1A,Mar,3.619047619
34uJtlPnKicSaX1V8_tu1A,Apr,3.470588235
34uJtlPnKicSaX1V8_tu1A,May,4.166666667
34uJtlPnKicSaX1V8_tu1A,Jun,3.416666667
34uJtlPnKicSaX1V8_tu1A,Jul,3.636363636
34uJtlPnKicSaX1V8_tu1A,Aug,3.4375
34uJtlPnKicSaX1V8_tu1A,Sep,3.272727273
34uJtlPnKicSaX1V8_tu1A,Oct,3.45
34uJtlPnKicSaX1V8_tu1A,Nov,4
34uJtlPnKicSaX1V8_tu1A,Dec,3.35
3f-RP2-EE94eifGnepUBpg,Jan,4.235294118
3f-RP2-EE94eifGnepUBpg,Feb,3.692307692
3f-RP2-EE94eifGnepUBpg,Mar,3.411764706
3f-RP2-EE94eifGnepUBpg,Apr,3.875
3f-RP2-EE94eifGnepUBpg,May,3.583333333
3f-RP2-EE94eifGnepUBpg,Jun,4.391304348
3f-RP2-EE94eifGnepUBpg,Jul,3.277777778
3f-RP2-EE94eifGnepUBpg,Aug,3.714285714
3f-RP2-EE94eifGnepUBpg,Sep,3.842105263
3f-RP2-EE94eifGnepUBpg,Oct,4.25
3f-RP2-EE94eifGnepUBpg,Nov,3.833333333
3f-RP2-EE94eifGnepUBpg,Dec,3.714285714
3fV9sL5LklD9ZSeONKmjkw,Jan,3.666666667
3fV9sL5LklD9ZSeONKmjkw,Feb,2.285714286
3fV9sL5LklD9ZSeONKmjkw,Mar,3.125
3fV9sL5LklD9ZSeONKmjkw,Apr,3
3fV9sL5LklD9ZSeONKmjkw,May,3.615384615
3fV9sL5LklD9ZSeONKmjkw,Jun,2.8125
3fV9sL5LklD9ZSeONKmjkw,Jul,2.764705882
3fV9sL5LklD9ZSeONKmjkw,Aug,3.25
3fV9sL5LklD9ZSeONKmjkw,Sep,3.777777778
3fV9sL5LklD9ZSeONKmjkw,Oct,2.272727273
3fV9sL5LklD9ZSeONKmjkw,Nov,2.857142857
3fV9sL5LklD9ZSeONKmjkw,Dec,3.5
3MmHmJXr8Ltk_Z5EGE4KUw,Jan,3.9
3MmHmJXr8Ltk_Z5EGE4KUw,Feb,3.5
3MmHmJXr8Ltk_Z5EGE4KUw,Mar,3.25
3MmHmJXr8Ltk_Z5EGE4KUw,Apr,3.166666667
3MmHmJXr8Ltk_Z5EGE4KUw,May,3.714285714
3MmHmJXr8Ltk_Z5EGE4KUw,Jun,3.75
3MmHmJXr8Ltk_Z5EGE4KUw,Jul,3.352941176
3MmHmJXr8Ltk_Z5EGE4KUw,Aug,3.25
3MmHmJXr8Ltk_Z5EGE4KUw,Sep,3.6875
3MmHmJXr8Ltk_Z5EGE4KUw,Oct,3.166666667
3MmHmJXr8Ltk_Z5EGE4KUw,Nov,3.727272727
3MmHmJXr8Ltk_Z5EGE4KUw,Dec,2.8125
3Q0QQPnHcJuX1DLCL9G9Cg,Jan,3.3
3Q0QQPnHcJuX1DLCL9G9Cg,Feb,3.35
3Q0QQPnHcJuX1DLCL9G9Cg,Mar,3.375
3Q0QQPnHcJuX1DLCL9G9Cg,Apr,3.636363636
3Q0QQPnHcJuX1DLCL9G9Cg,May,3.52
3Q0QQPnHcJuX1DLCL9G9Cg,Jun,3.565217391
3Q0QQPnHcJuX1DLCL9G9Cg,Jul,3.40625
3Q0QQPnHcJuX1DLCL9G9Cg,Aug,3.034482759
3Q0QQPnHcJuX1DLCL9G9Cg,Sep,2.7
3Q0QQPnHcJuX1DLCL9G9Cg,Oct,3.208333333
3Q0QQPnHcJuX1DLCL9G9Cg,Nov,2.888888889
3Q0QQPnHcJuX1DLCL9G9Cg,Dec,3.076923077
4bEjOyTaDG24SY5TxsaUNQ,Jan,3.818965517
4bEjOyTaDG24SY5TxsaUNQ,Feb,4.090909091
4bEjOyTaDG24SY5TxsaUNQ,Mar,3.876106195
4bEjOyTaDG24SY5TxsaUNQ,Apr,3.8
4bEjOyTaDG24SY5TxsaUNQ,May,3.861702128
4bEjOyTaDG24SY5TxsaUNQ,Jun,3.724137931
4bEjOyTaDG24SY5TxsaUNQ,Jul,3.928571429
4bEjOyTaDG24SY5TxsaUNQ,Aug,3.914893617
4bEjOyTaDG24SY5TxsaUNQ,Sep,3.849462366
4bEjOyTaDG24SY5TxsaUNQ,Oct,3.753623188
4bEjOyTaDG24SY5TxsaUNQ,Nov,3.85
4bEjOyTaDG24SY5TxsaUNQ,Dec,3.45
4UVhuOLaMm2-34SrW8y-ag,Jan,3.473684211
4UVhuOLaMm2-34SrW8y-ag,Feb,3.214285714
4UVhuOLaMm2-34SrW8y-ag,Mar,3.533333333
4UVhuOLaMm2-34SrW8y-ag,Apr,3.3
4UVhuOLaMm2-34SrW8y-ag,May,2.888888889
4UVhuOLaMm2-34SrW8y-ag,Jun,3.333333333
4UVhuOLaMm2-34SrW8y-ag,Jul,3.454545455
4UVhuOLaMm2-34SrW8y-ag,Aug,3.5
4UVhuOLaMm2-34SrW8y-ag,Sep,3
4UVhuOLaMm2-34SrW8y-ag,Oct,3.5
4UVhuOLaMm2-34SrW8y-ag,Nov,2.833333333
4UVhuOLaMm2-34SrW8y-ag,Dec,3.846153846
5GKbGn9-fAgQ0njSh3OJ8A,Jan,3.5
5GKbGn9-fAgQ0njSh3OJ8A,Feb,3.571428571
5GKbGn9-fAgQ0njSh3OJ8A,Mar,3.333333333
5GKbGn9-fAgQ0njSh3OJ8A,Apr,3.636363636
5GKbGn9-fAgQ0njSh3OJ8A,May,4.111111111
5GKbGn9-fAgQ0njSh3OJ8A,Jun,3.545454545
5GKbGn9-fAgQ0njSh3OJ8A,Jul,3.5
5GKbGn9-fAgQ0njSh3OJ8A,Aug,3.923076923
5GKbGn9-fAgQ0njSh3OJ8A,Sep,4
5GKbGn9-fAgQ0njSh3OJ8A,Oct,3.888888889
5GKbGn9-fAgQ0njSh3OJ8A,Nov,3.625
5GKbGn9-fAgQ0njSh3OJ8A,Dec,3.5
5paMI5Hhciyl09yGpzdoJw,Jan,4
5paMI5Hhciyl09yGpzdoJw,Feb,4.5
5paMI5Hhciyl09yGpzdoJw,Mar,4
5paMI5Hhciyl09yGpzdoJw,Apr,3.833333333
5paMI5Hhciyl09yGpzdoJw,May,3.92
5paMI5Hhciyl09yGpzdoJw,Jun,3.785714286
5paMI5Hhciyl09yGpzdoJw,Jul,3.290322581
5paMI5Hhciyl09yGpzdoJw,Aug,3
5paMI5Hhciyl09yGpzdoJw,Sep,3
5paMI5Hhciyl09yGpzdoJw,Oct,3.666666667
5paMI5Hhciyl09yGpzdoJw,Nov,3.625
5paMI5Hhciyl09yGpzdoJw,Dec,5
6LM_Klmp3hOP0JmsMCKRqQ,Jan,2.62962963
6LM_Klmp3hOP0JmsMCKRqQ,Feb,3.114285714
6LM_Klmp3hOP0JmsMCKRqQ,Mar,2.902439024
6LM_Klmp3hOP0JmsMCKRqQ,Apr,2.833333333
6LM_Klmp3hOP0JmsMCKRqQ,May,2.882352941
6LM_Klmp3hOP0JmsMCKRqQ,Jun,2.85
6LM_Klmp3hOP0JmsMCKRqQ,Jul,3.022222222
6LM_Klmp3hOP0JmsMCKRqQ,Aug,2.785714286
6LM_Klmp3hOP0JmsMCKRqQ,Sep,3.066666667
6LM_Klmp3hOP0JmsMCKRqQ,Oct,3.131578947
6LM_Klmp3hOP0JmsMCKRqQ,Nov,2.916666667
6LM_Klmp3hOP0JmsMCKRqQ,Dec,3.054054054
-7yF42k0CcJhtPw51oaOqQ,Jan,2.916666667
-7yF42k0CcJhtPw51oaOqQ,Feb,4.176470588
-7yF42k0CcJhtPw51oaOqQ,Mar,2.869565217
-7yF42k0CcJhtPw51oaOqQ,Apr,2.954545455
-7yF42k0CcJhtPw51oaOqQ,May,3.388888889
-7yF42k0CcJhtPw51oaOqQ,Jun,2.666666667
-7yF42k0CcJhtPw51oaOqQ,Jul,3.638888889
-7yF42k0CcJhtPw51oaOqQ,Aug,3.970588235
-7yF42k0CcJhtPw51oaOqQ,Sep,3.0625
-7yF42k0CcJhtPw51oaOqQ,Oct,3.416666667
-7yF42k0CcJhtPw51oaOqQ,Nov,3.64
-7yF42k0CcJhtPw51oaOqQ,Dec,3.25
8buIr1zBCO7OEcAQSZko7w,Jan,4.5
8buIr1zBCO7OEcAQSZko7w,Mar,5
8buIr1zBCO7OEcAQSZko7w,May,5
8buIr1zBCO7OEcAQSZko7w,Jun,4
8buIr1zBCO7OEcAQSZko7w,Aug,1
8buIr1zBCO7OEcAQSZko7w,Dec,1
8IMEf_cj8KyTQojhNOyoPg,Jan,2.5
8IMEf_cj8KyTQojhNOyoPg,Feb,3.909090909
8IMEf_cj8KyTQojhNOyoPg,Mar,2.666666667
8IMEf_cj8KyTQojhNOyoPg,Apr,3.071428571
8IMEf_cj8KyTQojhNOyoPg,May,2.875
8IMEf_cj8KyTQojhNOyoPg,Jun,2.533333333
8IMEf_cj8KyTQojhNOyoPg,Jul,2.72
8IMEf_cj8KyTQojhNOyoPg,Aug,3.181818182
8IMEf_cj8KyTQojhNOyoPg,Sep,2.333333333
8IMEf_cj8KyTQojhNOyoPg,Oct,3.35
8IMEf_cj8KyTQojhNOyoPg,Nov,2.785714286
8IMEf_cj8KyTQojhNOyoPg,Dec,2.931034483
A3Jv-FFRsDEWXxKJ6ZIxfg,Jan,2.903225806
A3Jv-FFRsDEWXxKJ6ZIxfg,Feb,2.96875
A3Jv-FFRsDEWXxKJ6ZIxfg,Mar,3.302325581
A3Jv-FFRsDEWXxKJ6ZIxfg,Apr,2.531914894
A3Jv-FFRsDEWXxKJ6ZIxfg,May,2.756756757
A3Jv-FFRsDEWXxKJ6ZIxfg,Jun,3.264705882
A3Jv-FFRsDEWXxKJ6ZIxfg,Jul,3.2
A3Jv-FFRsDEWXxKJ6ZIxfg,Aug,3.03030303
A3Jv-FFRsDEWXxKJ6ZIxfg,Sep,3.12195122
A3Jv-FFRsDEWXxKJ6ZIxfg,Oct,3.068965517
A3Jv-FFRsDEWXxKJ6ZIxfg,Nov,3.5
A3Jv-FFRsDEWXxKJ6ZIxfg,Dec,2.461538462
adv1-kA6k2N4L-e4zULuNg,Jan,3.777777778
adv1-kA6k2N4L-e4zULuNg,Feb,3.3
adv1-kA6k2N4L-e4zULuNg,Mar,3.545454545
adv1-kA6k2N4L-e4zULuNg,Apr,3.533333333
adv1-kA6k2N4L-e4zULuNg,May,3.5
adv1-kA6k2N4L-e4zULuNg,Jun,3.529411765
adv1-kA6k2N4L-e4zULuNg,Jul,4
adv1-kA6k2N4L-e4zULuNg,Aug,3.818181818
adv1-kA6k2N4L-e4zULuNg,Sep,3.5
adv1-kA6k2N4L-e4zULuNg,Oct,4
adv1-kA6k2N4L-e4zULuNg,Nov,3.692307692
adv1-kA6k2N4L-e4zULuNg,Dec,4.083333333
AeKTQBtPRDHLAFL9bzbUnA,Jan,3.523809524
AeKTQBtPRDHLAFL9bzbUnA,Feb,3.157894737
AeKTQBtPRDHLAFL9bzbUnA,Mar,3.375
AeKTQBtPRDHLAFL9bzbUnA,Apr,3.724137931
AeKTQBtPRDHLAFL9bzbUnA,May,3.4
AeKTQBtPRDHLAFL9bzbUnA,Jun,3.869565217
AeKTQBtPRDHLAFL9bzbUnA,Jul,3.870967742
AeKTQBtPRDHLAFL9bzbUnA,Aug,3.705882353
AeKTQBtPRDHLAFL9bzbUnA,Sep,3.5
AeKTQBtPRDHLAFL9bzbUnA,Oct,4.05
AeKTQBtPRDHLAFL9bzbUnA,Nov,3.68
AeKTQBtPRDHLAFL9bzbUnA,Dec,3.115384615
aGbjLWzcrnEx2ZmMCFm3EA,Jan,3.5
aGbjLWzcrnEx2ZmMCFm3EA,Feb,4
aGbjLWzcrnEx2ZmMCFm3EA,Mar,3.949367089
aGbjLWzcrnEx2ZmMCFm3EA,Apr,3.897196262
aGbjLWzcrnEx2ZmMCFm3EA,May,3.602564103
aGbjLWzcrnEx2ZmMCFm3EA,Jun,3.621621622
aGbjLWzcrnEx2ZmMCFm3EA,Jul,3.592105263
aGbjLWzcrnEx2ZmMCFm3EA,Aug,3.705357143
aGbjLWzcrnEx2ZmMCFm3EA,Sep,3.644859813
aGbjLWzcrnEx2ZmMCFm3EA,Oct,3.757894737
aGbjLWzcrnEx2ZmMCFm3EA,Nov,3.554347826
aGbjLWzcrnEx2ZmMCFm3EA,Dec,3.47826087
aRkYtXfmEKYG-eTDf_qUsw,Jan,3.736842105
aRkYtXfmEKYG-eTDf_qUsw,Feb,3.833333333
aRkYtXfmEKYG-eTDf_qUsw,Mar,3.913043478
aRkYtXfmEKYG-eTDf_qUsw,Apr,3.375
aRkYtXfmEKYG-eTDf_qUsw,May,4.388888889
aRkYtXfmEKYG-eTDf_qUsw,Jun,4.230769231
aRkYtXfmEKYG-eTDf_qUsw,Jul,3.526315789
aRkYtXfmEKYG-eTDf_qUsw,Aug,3.428571429
aRkYtXfmEKYG-eTDf_qUsw,Sep,3.235294118
aRkYtXfmEKYG-eTDf_qUsw,Oct,4
aRkYtXfmEKYG-eTDf_qUsw,Nov,4.181818182
aRkYtXfmEKYG-eTDf_qUsw,Dec,4.267857143
ASOiJ8MmbBTgK2D1_MQrqg,Jan,3.777777778
ASOiJ8MmbBTgK2D1_MQrqg,Feb,3.277777778
ASOiJ8MmbBTgK2D1_MQrqg,Mar,4.230769231
ASOiJ8MmbBTgK2D1_MQrqg,Apr,3.538461538
ASOiJ8MmbBTgK2D1_MQrqg,May,3.777777778
ASOiJ8MmbBTgK2D1_MQrqg,Jun,4
ASOiJ8MmbBTgK2D1_MQrqg,Jul,3.642857143
ASOiJ8MmbBTgK2D1_MQrqg,Aug,4.2
ASOiJ8MmbBTgK2D1_MQrqg,Sep,3.833333333
ASOiJ8MmbBTgK2D1_MQrqg,Oct,3.444444444
ASOiJ8MmbBTgK2D1_MQrqg,Nov,4.357142857
ASOiJ8MmbBTgK2D1_MQrqg,Dec,3.5
AtjsjFzalWqJ7S9DUFQ4bw,Jan,3.563636364
AtjsjFzalWqJ7S9DUFQ4bw,Feb,3.682926829
AtjsjFzalWqJ7S9DUFQ4bw,Mar,3.756097561
AtjsjFzalWqJ7S9DUFQ4bw,Apr,3.585365854
AtjsjFzalWqJ7S9DUFQ4bw,May,3.5
AtjsjFzalWqJ7S9DUFQ4bw,Jun,3.743589744
AtjsjFzalWqJ7S9DUFQ4bw,Jul,3.416666667
AtjsjFzalWqJ7S9DUFQ4bw,Aug,3.6
AtjsjFzalWqJ7S9DUFQ4bw,Sep,3.829268293
AtjsjFzalWqJ7S9DUFQ4bw,Oct,3.205882353
AtjsjFzalWqJ7S9DUFQ4bw,Nov,4.074074074
AtjsjFzalWqJ7S9DUFQ4bw,Dec,3.756097561
BqD7X5CHXnJ14YbBBlLx1w,Jan,3.090909091
BqD7X5CHXnJ14YbBBlLx1w,Feb,3.578947368
BqD7X5CHXnJ14YbBBlLx1w,Mar,3.782608696
BqD7X5CHXnJ14YbBBlLx1w,Apr,3.444444444
BqD7X5CHXnJ14YbBBlLx1w,May,3.625
BqD7X5CHXnJ14YbBBlLx1w,Jun,3.375
BqD7X5CHXnJ14YbBBlLx1w,Jul,4.217391304
BqD7X5CHXnJ14YbBBlLx1w,Aug,3.413793103
BqD7X5CHXnJ14YbBBlLx1w,Sep,4.133333333
BqD7X5CHXnJ14YbBBlLx1w,Oct,3.444444444
BqD7X5CHXnJ14YbBBlLx1w,Nov,3.6
BqD7X5CHXnJ14YbBBlLx1w,Dec,3.318181818
BqrTtox0JbG-P_DKBB5bBw,Jan,3.888888889
BqrTtox0JbG-P_DKBB5bBw,Feb,4.189189189
BqrTtox0JbG-P_DKBB5bBw,Mar,4.03030303
BqrTtox0JbG-P_DKBB5bBw,Apr,3.896551724
BqrTtox0JbG-P_DKBB5bBw,May,3.538461538
BqrTtox0JbG-P_DKBB5bBw,Jun,3.513513514
BqrTtox0JbG-P_DKBB5bBw,Jul,3.571428571
BqrTtox0JbG-P_DKBB5bBw,Aug,3.8125
BqrTtox0JbG-P_DKBB5bBw,Sep,3.630434783
BqrTtox0JbG-P_DKBB5bBw,Oct,3.5
BqrTtox0JbG-P_DKBB5bBw,Nov,3.933333333
BqrTtox0JbG-P_DKBB5bBw,Dec,3.682926829
BuJ40Y7c_ERYmkQGoFb8zQ,Jan,2.214285714
BuJ40Y7c_ERYmkQGoFb8zQ,Feb,2.833333333
BuJ40Y7c_ERYmkQGoFb8zQ,Mar,2.833333333
BuJ40Y7c_ERYmkQGoFb8zQ,Apr,3.466666667
BuJ40Y7c_ERYmkQGoFb8zQ,May,3.4
BuJ40Y7c_ERYmkQGoFb8zQ,Jun,3.083333333
BuJ40Y7c_ERYmkQGoFb8zQ,Jul,2.666666667
BuJ40Y7c_ERYmkQGoFb8zQ,Aug,3.166666667
BuJ40Y7c_ERYmkQGoFb8zQ,Sep,2.444444444
BuJ40Y7c_ERYmkQGoFb8zQ,Oct,1.833333333
BuJ40Y7c_ERYmkQGoFb8zQ,Nov,3.083333333
BuJ40Y7c_ERYmkQGoFb8zQ,Dec,2.8125
BW1JCE3Qj4uIokg7kLUL7w,Jan,3.529411765
BW1JCE3Qj4uIokg7kLUL7w,Feb,3.583333333
BW1JCE3Qj4uIokg7kLUL7w,Mar,3.928571429
BW1JCE3Qj4uIokg7kLUL7w,Apr,4.043478261
BW1JCE3Qj4uIokg7kLUL7w,May,3.133333333
BW1JCE3Qj4uIokg7kLUL7w,Jun,3.8
BW1JCE3Qj4uIokg7kLUL7w,Jul,3.7
BW1JCE3Qj4uIokg7kLUL7w,Aug,4
BW1JCE3Qj4uIokg7kLUL7w,Sep,3.571428571
BW1JCE3Qj4uIokg7kLUL7w,Oct,3.444444444
BW1JCE3Qj4uIokg7kLUL7w,Nov,3.916666667
BW1JCE3Qj4uIokg7kLUL7w,Dec,3.705882353
bYhpy9u8fKkGhYHtvYXazQ,Jan,2.727272727
bYhpy9u8fKkGhYHtvYXazQ,Feb,2.272727273
bYhpy9u8fKkGhYHtvYXazQ,Mar,2.65
bYhpy9u8fKkGhYHtvYXazQ,Apr,3.1875
bYhpy9u8fKkGhYHtvYXazQ,May,2.714285714
bYhpy9u8fKkGhYHtvYXazQ,Jun,2.875
bYhpy9u8fKkGhYHtvYXazQ,Jul,2.965517241
bYhpy9u8fKkGhYHtvYXazQ,Aug,3.5
bYhpy9u8fKkGhYHtvYXazQ,Sep,3.315789474
bYhpy9u8fKkGhYHtvYXazQ,Oct,2.863636364
bYhpy9u8fKkGhYHtvYXazQ,Nov,3.368421053
bYhpy9u8fKkGhYHtvYXazQ,Dec,2.826086957
cMvN1j-LK64zqmT4vnl8NA,Jan,3.266666667
cMvN1j-LK64zqmT4vnl8NA,Feb,3.578947368
cMvN1j-LK64zqmT4vnl8NA,Mar,3.454545455
cMvN1j-LK64zqmT4vnl8NA,Apr,3.647058824
cMvN1j-LK64zqmT4vnl8NA,May,3.444444444
cMvN1j-LK64zqmT4vnl8NA,Jun,3.529411765
cMvN1j-LK64zqmT4vnl8NA,Jul,2.8
cMvN1j-LK64zqmT4vnl8NA,Aug,2.736842105
cMvN1j-LK64zqmT4vnl8NA,Sep,2.545454545
cMvN1j-LK64zqmT4vnl8NA,Oct,3.368421053
cMvN1j-LK64zqmT4vnl8NA,Nov,3.6
cMvN1j-LK64zqmT4vnl8NA,Dec,2.772727273
CZjcFdvJhksq9dy58NVEzw,Jan,3.612903226
CZjcFdvJhksq9dy58NVEzw,Feb,3.192307692
CZjcFdvJhksq9dy58NVEzw,Mar,3.428571429
CZjcFdvJhksq9dy58NVEzw,Apr,2.852941176
CZjcFdvJhksq9dy58NVEzw,May,3.25
CZjcFdvJhksq9dy58NVEzw,Jun,3.823529412
CZjcFdvJhksq9dy58NVEzw,Jul,3.263157895
CZjcFdvJhksq9dy58NVEzw,Aug,3.703703704
CZjcFdvJhksq9dy58NVEzw,Sep,3.653846154
CZjcFdvJhksq9dy58NVEzw,Oct,3.133333333
CZjcFdvJhksq9dy58NVEzw,Nov,3.571428571
CZjcFdvJhksq9dy58NVEzw,Dec,3.642857143
DJlb6DLzT1yK5ipnL2I1dA,Feb,3
DJlb6DLzT1yK5ipnL2I1dA,Mar,3.25
DJlb6DLzT1yK5ipnL2I1dA,Apr,3.333333333
DJlb6DLzT1yK5ipnL2I1dA,May,4.2
DJlb6DLzT1yK5ipnL2I1dA,Jun,4
DJlb6DLzT1yK5ipnL2I1dA,Jul,3.666666667
DJlb6DLzT1yK5ipnL2I1dA,Aug,2.666666667
DJlb6DLzT1yK5ipnL2I1dA,Sep,3.25
DJlb6DLzT1yK5ipnL2I1dA,Oct,2.333333333
DJlb6DLzT1yK5ipnL2I1dA,Nov,5
DJlb6DLzT1yK5ipnL2I1dA,Dec,2.5
DjOxXobyGDwWt89q4z1twg,Jan,3.434782609
DjOxXobyGDwWt89q4z1twg,Feb,3.875
DjOxXobyGDwWt89q4z1twg,Mar,3.606060606
DjOxXobyGDwWt89q4z1twg,Apr,3.772727273
DjOxXobyGDwWt89q4z1twg,May,3.608695652
DjOxXobyGDwWt89q4z1twg,Jun,3.692307692
DjOxXobyGDwWt89q4z1twg,Jul,3.485714286
DjOxXobyGDwWt89q4z1twg,Aug,3.279069767
DjOxXobyGDwWt89q4z1twg,Sep,3.695652174
DjOxXobyGDwWt89q4z1twg,Oct,3.541666667
DjOxXobyGDwWt89q4z1twg,Nov,3.931034483
DjOxXobyGDwWt89q4z1twg,Dec,3.807692308
DO3Gk17RyJVW7zYMCtYPnw,Jan,3.62962963
DO3Gk17RyJVW7zYMCtYPnw,Feb,3.344827586
DO3Gk17RyJVW7zYMCtYPnw,Mar,3.4
DO3Gk17RyJVW7zYMCtYPnw,Apr,3.52173913
DO3Gk17RyJVW7zYMCtYPnw,May,4.285714286
DO3Gk17RyJVW7zYMCtYPnw,Jun,3.8
DO3Gk17RyJVW7zYMCtYPnw,Jul,3.451612903
DO3Gk17RyJVW7zYMCtYPnw,Aug,4.095238095
DO3Gk17RyJVW7zYMCtYPnw,Sep,3.863636364
DO3Gk17RyJVW7zYMCtYPnw,Oct,3.772727273
DO3Gk17RyJVW7zYMCtYPnw,Nov,3.458333333
DO3Gk17RyJVW7zYMCtYPnw,Dec,4
DUdBbrvqfaqUe9GYKmYNtA,Jan,3.125
DUdBbrvqfaqUe9GYKmYNtA,Feb,3.416666667
DUdBbrvqfaqUe9GYKmYNtA,Mar,3.8125
DUdBbrvqfaqUe9GYKmYNtA,Apr,3.888888889
DUdBbrvqfaqUe9GYKmYNtA,May,3.5
DUdBbrvqfaqUe9GYKmYNtA,Jun,3.333333333
DUdBbrvqfaqUe9GYKmYNtA,Jul,3.681818182
DUdBbrvqfaqUe9GYKmYNtA,Aug,3.066666667
DUdBbrvqfaqUe9GYKmYNtA,Sep,3.416666667
DUdBbrvqfaqUe9GYKmYNtA,Oct,3.6
DUdBbrvqfaqUe9GYKmYNtA,Nov,3
DUdBbrvqfaqUe9GYKmYNtA,Dec,2.88
eI28wIzw6ZclI9jGXhtbow,Jan,3.769230769
eI28wIzw6ZclI9jGXhtbow,Feb,4.583333333
eI28wIzw6ZclI9jGXhtbow,Mar,3.333333333
eI28wIzw6ZclI9jGXhtbow,Apr,3.772727273
eI28wIzw6ZclI9jGXhtbow,May,3.470588235
eI28wIzw6ZclI9jGXhtbow,Jun,3.75
eI28wIzw6ZclI9jGXhtbow,Jul,4.15
eI28wIzw6ZclI9jGXhtbow,Aug,3.708333333
eI28wIzw6ZclI9jGXhtbow,Sep,3.294117647
eI28wIzw6ZclI9jGXhtbow,Oct,4.263157895
eI28wIzw6ZclI9jGXhtbow,Nov,4.1
eI28wIzw6ZclI9jGXhtbow,Dec,3.692307692
eLPld7Q17XxlclFGzZQX5g,Jan,3.529411765
eLPld7Q17XxlclFGzZQX5g,Feb,4.133333333
eLPld7Q17XxlclFGzZQX5g,Mar,3.85
eLPld7Q17XxlclFGzZQX5g,Apr,3.916666667
eLPld7Q17XxlclFGzZQX5g,May,3.416666667
eLPld7Q17XxlclFGzZQX5g,Jun,3.538461538
eLPld7Q17XxlclFGzZQX5g,Jul,3.1
eLPld7Q17XxlclFGzZQX5g,Aug,3.84
eLPld7Q17XxlclFGzZQX5g,Sep,3.55
eLPld7Q17XxlclFGzZQX5g,Oct,3.655172414
eLPld7Q17XxlclFGzZQX5g,Nov,3.652173913
eLPld7Q17XxlclFGzZQX5g,Dec,3.5625
eP9T-2a94ChFAl1Rd2R0jg,Jan,4.2
eP9T-2a94ChFAl1Rd2R0jg,Feb,3.9375
eP9T-2a94ChFAl1Rd2R0jg,Mar,3.714285714
eP9T-2a94ChFAl1Rd2R0jg,Apr,3.869565217
eP9T-2a94ChFAl1Rd2R0jg,May,3.111111111
eP9T-2a94ChFAl1Rd2R0jg,Jun,4.047619048
eP9T-2a94ChFAl1Rd2R0jg,Jul,3.875
eP9T-2a94ChFAl1Rd2R0jg,Aug,3.523809524
eP9T-2a94ChFAl1Rd2R0jg,Sep,3.888888889
eP9T-2a94ChFAl1Rd2R0jg,Oct,3.75
eP9T-2a94ChFAl1Rd2R0jg,Nov,3.727272727
eP9T-2a94ChFAl1Rd2R0jg,Dec,4
eq6lQI039SBLC6sHm3idGA,Jan,3.36
eq6lQI039SBLC6sHm3idGA,Feb,3.487179487
eq6lQI039SBLC6sHm3idGA,Mar,3.885714286
eq6lQI039SBLC6sHm3idGA,Apr,3.6
eq6lQI039SBLC6sHm3idGA,May,3.3
eq6lQI039SBLC6sHm3idGA,Jun,3.184210526
eq6lQI039SBLC6sHm3idGA,Jul,3.672413793
eq6lQI039SBLC6sHm3idGA,Aug,3.84
eq6lQI039SBLC6sHm3idGA,Sep,3.513513514
eq6lQI039SBLC6sHm3idGA,Oct,3.771428571
eq6lQI039SBLC6sHm3idGA,Nov,3.757575758
eq6lQI039SBLC6sHm3idGA,Dec,3.54
eRRyfI6QVvSviirRF8UGzQ,Jan,3.684210526
eRRyfI6QVvSviirRF8UGzQ,Feb,3.714285714
eRRyfI6QVvSviirRF8UGzQ,Mar,3.2
eRRyfI6QVvSviirRF8UGzQ,Apr,3.5
eRRyfI6QVvSviirRF8UGzQ,May,3.666666667
eRRyfI6QVvSviirRF8UGzQ,Jun,3.818181818
eRRyfI6QVvSviirRF8UGzQ,Jul,3.882352941
eRRyfI6QVvSviirRF8UGzQ,Aug,3.142857143
eRRyfI6QVvSviirRF8UGzQ,Sep,3.75
eRRyfI6QVvSviirRF8UGzQ,Oct,4.181818182
eRRyfI6QVvSviirRF8UGzQ,Nov,3.25
eRRyfI6QVvSviirRF8UGzQ,Dec,3.222222222
Es300Ys1XXPYg8aI7BKVYQ,Jan,3.909090909
Es300Ys1XXPYg8aI7BKVYQ,Feb,3.647058824
Es300Ys1XXPYg8aI7BKVYQ,Mar,3
Es300Ys1XXPYg8aI7BKVYQ,Apr,3.05
Es300Ys1XXPYg8aI7BKVYQ,May,4.210526316
Es300Ys1XXPYg8aI7BKVYQ,Jun,3.606060606
Es300Ys1XXPYg8aI7BKVYQ,Jul,3.428571429
Es300Ys1XXPYg8aI7BKVYQ,Aug,3
Es300Ys1XXPYg8aI7BKVYQ,Sep,3.448275862
Es300Ys1XXPYg8aI7BKVYQ,Oct,3.68
Es300Ys1XXPYg8aI7BKVYQ,Nov,3.25
Es300Ys1XXPYg8aI7BKVYQ,Dec,3.6875
ES-j5yNTgmgbL4He0h6otA,Jan,3.5
ES-j5yNTgmgbL4He0h6otA,Feb,4.307692308
ES-j5yNTgmgbL4He0h6otA,Mar,2.75
ES-j5yNTgmgbL4He0h6otA,Apr,4.230769231
ES-j5yNTgmgbL4He0h6otA,May,2.6
ES-j5yNTgmgbL4He0h6otA,Jun,3.55
ES-j5yNTgmgbL4He0h6otA,Jul,3.285714286
ES-j5yNTgmgbL4He0h6otA,Aug,4
ES-j5yNTgmgbL4He0h6otA,Sep,3.2
ES-j5yNTgmgbL4He0h6otA,Oct,2.583333333
ES-j5yNTgmgbL4He0h6otA,Nov,3.5
ES-j5yNTgmgbL4He0h6otA,Dec,3.777777778
EWMwV5V9BxNs_U6nNVMeqw,Jan,3.454545455
EWMwV5V9BxNs_U6nNVMeqw,Feb,4.176470588
EWMwV5V9BxNs_U6nNVMeqw,Mar,4
EWMwV5V9BxNs_U6nNVMeqw,Apr,3.833333333
EWMwV5V9BxNs_U6nNVMeqw,May,3.8
EWMwV5V9BxNs_U6nNVMeqw,Jun,4.285714286
EWMwV5V9BxNs_U6nNVMeqw,Jul,4.388888889
EWMwV5V9BxNs_U6nNVMeqw,Aug,4.363636364
EWMwV5V9BxNs_U6nNVMeqw,Sep,3.5625
EWMwV5V9BxNs_U6nNVMeqw,Oct,4.058823529
EWMwV5V9BxNs_U6nNVMeqw,Nov,3.7
EWMwV5V9BxNs_U6nNVMeqw,Dec,4.714285714
eWPFXL1Bmu1ImtIa2Rqliw,Jan,3.481481481
eWPFXL1Bmu1ImtIa2Rqliw,Feb,3.37037037
eWPFXL1Bmu1ImtIa2Rqliw,Mar,2.607142857
eWPFXL1Bmu1ImtIa2Rqliw,Apr,3.24137931
eWPFXL1Bmu1ImtIa2Rqliw,May,3.394736842
eWPFXL1Bmu1ImtIa2Rqliw,Jun,3.5
eWPFXL1Bmu1ImtIa2Rqliw,Jul,3.212765957
eWPFXL1Bmu1ImtIa2Rqliw,Aug,3.105263158
eWPFXL1Bmu1ImtIa2Rqliw,Sep,3.235294118
eWPFXL1Bmu1ImtIa2Rqliw,Oct,3.321428571
eWPFXL1Bmu1ImtIa2Rqliw,Nov,3.68
eWPFXL1Bmu1ImtIa2Rqliw,Dec,3.310344828
f3EcPjqKftEznBSs2oQVRg,Jan,2.285714286
f3EcPjqKftEznBSs2oQVRg,Feb,2.833333333
f3EcPjqKftEznBSs2oQVRg,Mar,3.444444444
f3EcPjqKftEznBSs2oQVRg,Apr,4.6
f3EcPjqKftEznBSs2oQVRg,May,1.75
f3EcPjqKftEznBSs2oQVRg,Jun,3.5
f3EcPjqKftEznBSs2oQVRg,Jul,5
f3EcPjqKftEznBSs2oQVRg,Aug,1
f3EcPjqKftEznBSs2oQVRg,Sep,5
FV16IeXJp2W6pnghTz2FAw,Jan,2.531914894
FV16IeXJp2W6pnghTz2FAw,Feb,2.935483871
FV16IeXJp2W6pnghTz2FAw,Mar,3.392857143
FV16IeXJp2W6pnghTz2FAw,Apr,3.35
FV16IeXJp2W6pnghTz2FAw,May,2.942857143
FV16IeXJp2W6pnghTz2FAw,Jun,3.617647059
FV16IeXJp2W6pnghTz2FAw,Jul,3.19047619
FV16IeXJp2W6pnghTz2FAw,Aug,2.866666667
FV16IeXJp2W6pnghTz2FAw,Sep,3.194444444
FV16IeXJp2W6pnghTz2FAw,Oct,3.407407407
FV16IeXJp2W6pnghTz2FAw,Nov,3.37037037
FV16IeXJp2W6pnghTz2FAw,Dec,2.2
G0nUhYF2q4tnoOPwCjXLig,Jan,3.166666667
G0nUhYF2q4tnoOPwCjXLig,Feb,2.411764706
G0nUhYF2q4tnoOPwCjXLig,Mar,2.55
G0nUhYF2q4tnoOPwCjXLig,Apr,2.875
G0nUhYF2q4tnoOPwCjXLig,May,2.620689655
G0nUhYF2q4tnoOPwCjXLig,Jun,2.615384615
G0nUhYF2q4tnoOPwCjXLig,Jul,2.948717949
G0nUhYF2q4tnoOPwCjXLig,Aug,2.724137931
G0nUhYF2q4tnoOPwCjXLig,Sep,3.95
G0nUhYF2q4tnoOPwCjXLig,Oct,2.263157895
G0nUhYF2q4tnoOPwCjXLig,Nov,3.05
G0nUhYF2q4tnoOPwCjXLig,Dec,3.333333333
gGeVLZ9j_wAYKbaqgnKSJA,Jan,3.666666667
gGeVLZ9j_wAYKbaqgnKSJA,Feb,3.5
gGeVLZ9j_wAYKbaqgnKSJA,Mar,4.1
gGeVLZ9j_wAYKbaqgnKSJA,Apr,3.583333333
gGeVLZ9j_wAYKbaqgnKSJA,May,3.416666667
gGeVLZ9j_wAYKbaqgnKSJA,Jun,3.75
gGeVLZ9j_wAYKbaqgnKSJA,Jul,3.714285714
gGeVLZ9j_wAYKbaqgnKSJA,Aug,3.625
gGeVLZ9j_wAYKbaqgnKSJA,Sep,3.0625
gGeVLZ9j_wAYKbaqgnKSJA,Oct,3.666666667
gGeVLZ9j_wAYKbaqgnKSJA,Nov,2.947368421
gGeVLZ9j_wAYKbaqgnKSJA,Dec,4.375
H_SuH7uLiYahDMbNBB9kog,Jan,3.736842105
H_SuH7uLiYahDMbNBB9kog,Feb,3.421052632
H_SuH7uLiYahDMbNBB9kog,Mar,4.294117647
H_SuH7uLiYahDMbNBB9kog,Apr,3
H_SuH7uLiYahDMbNBB9kog,May,3.304347826
H_SuH7uLiYahDMbNBB9kog,Jun,3.6875
H_SuH7uLiYahDMbNBB9kog,Jul,3.4375
H_SuH7uLiYahDMbNBB9kog,Aug,4.5
H_SuH7uLiYahDMbNBB9kog,Sep,3.705882353
H_SuH7uLiYahDMbNBB9kog,Oct,4.454545455
H_SuH7uLiYahDMbNBB9kog,Nov,3.181818182
H_SuH7uLiYahDMbNBB9kog,Dec,3.928571429
HbUQ_3dlm3uCacmhTEMnuA,Jan,3.1875
HbUQ_3dlm3uCacmhTEMnuA,Feb,3.047619048
HbUQ_3dlm3uCacmhTEMnuA,Mar,4
HbUQ_3dlm3uCacmhTEMnuA,Apr,4.043478261
HbUQ_3dlm3uCacmhTEMnuA,May,3.956521739
HbUQ_3dlm3uCacmhTEMnuA,Jun,3.5625
HbUQ_3dlm3uCacmhTEMnuA,Jul,4.217391304
HbUQ_3dlm3uCacmhTEMnuA,Aug,4.130434783
HbUQ_3dlm3uCacmhTEMnuA,Sep,3.294117647
HbUQ_3dlm3uCacmhTEMnuA,Oct,3.833333333
HbUQ_3dlm3uCacmhTEMnuA,Nov,3.555555556
HbUQ_3dlm3uCacmhTEMnuA,Dec,3.235294118
HMr_KN63f6MzM9h8Wije3Q,Jan,3.5
HMr_KN63f6MzM9h8Wije3Q,Feb,4
HMr_KN63f6MzM9h8Wije3Q,Mar,3.307692308
HMr_KN63f6MzM9h8Wije3Q,Apr,3.4375
HMr_KN63f6MzM9h8Wije3Q,May,3.285714286
HMr_KN63f6MzM9h8Wije3Q,Jun,3.259259259
HMr_KN63f6MzM9h8Wije3Q,Jul,3.869565217
HMr_KN63f6MzM9h8Wije3Q,Aug,2.678571429
HMr_KN63f6MzM9h8Wije3Q,Sep,3.473684211
HMr_KN63f6MzM9h8Wije3Q,Oct,3
HMr_KN63f6MzM9h8Wije3Q,Nov,3.166666667
HMr_KN63f6MzM9h8Wije3Q,Dec,3.111111111
Ht8mXLuqJSTPrU9kvzosUA,Jan,4
Ht8mXLuqJSTPrU9kvzosUA,Feb,2.777777778
Ht8mXLuqJSTPrU9kvzosUA,Mar,3.136363636
Ht8mXLuqJSTPrU9kvzosUA,Apr,4
Ht8mXLuqJSTPrU9kvzosUA,May,3.230769231
Ht8mXLuqJSTPrU9kvzosUA,Jun,3.888888889
Ht8mXLuqJSTPrU9kvzosUA,Jul,3.137931034
Ht8mXLuqJSTPrU9kvzosUA,Aug,3.375
Ht8mXLuqJSTPrU9kvzosUA,Sep,3.08
Ht8mXLuqJSTPrU9kvzosUA,Oct,3.2
Ht8mXLuqJSTPrU9kvzosUA,Nov,3.333333333
Ht8mXLuqJSTPrU9kvzosUA,Dec,2.933333333
hW0Ne_HTHEAgGF1rAdmR-g,Jan,3.375
hW0Ne_HTHEAgGF1rAdmR-g,Feb,2.555555556
hW0Ne_HTHEAgGF1rAdmR-g,Mar,3.352941176
hW0Ne_HTHEAgGF1rAdmR-g,Apr,3.103448276
hW0Ne_HTHEAgGF1rAdmR-g,May,3.615384615
hW0Ne_HTHEAgGF1rAdmR-g,Jun,3.923076923
hW0Ne_HTHEAgGF1rAdmR-g,Jul,3.5
hW0Ne_HTHEAgGF1rAdmR-g,Aug,3.5
hW0Ne_HTHEAgGF1rAdmR-g,Sep,3.636363636
hW0Ne_HTHEAgGF1rAdmR-g,Oct,3.448979592
hW0Ne_HTHEAgGF1rAdmR-g,Nov,3.344827586
hW0Ne_HTHEAgGF1rAdmR-g,Dec,3.625
HyfFenprdpIA4rmKu6DW3g,Jan,3.857142857
HyfFenprdpIA4rmKu6DW3g,Feb,3.692307692
HyfFenprdpIA4rmKu6DW3g,Mar,3.944444444
HyfFenprdpIA4rmKu6DW3g,Apr,4.125
HyfFenprdpIA4rmKu6DW3g,May,3.619047619
HyfFenprdpIA4rmKu6DW3g,Jun,4.194444444
HyfFenprdpIA4rmKu6DW3g,Jul,3.903225806
HyfFenprdpIA4rmKu6DW3g,Aug,3.764705882
HyfFenprdpIA4rmKu6DW3g,Sep,3.766666667
HyfFenprdpIA4rmKu6DW3g,Oct,3.810810811
HyfFenprdpIA4rmKu6DW3g,Nov,4.555555556
HyfFenprdpIA4rmKu6DW3g,Dec,4.172413793
IRYj1b1-mlXqABVsl9SoqQ,Jan,3.641025641
IRYj1b1-mlXqABVsl9SoqQ,Feb,3.529411765
IRYj1b1-mlXqABVsl9SoqQ,Mar,3.744186047
IRYj1b1-mlXqABVsl9SoqQ,Apr,3.324324324
IRYj1b1-mlXqABVsl9SoqQ,May,3.727272727
IRYj1b1-mlXqABVsl9SoqQ,Jun,3.607843137
IRYj1b1-mlXqABVsl9SoqQ,Jul,3.394366197
IRYj1b1-mlXqABVsl9SoqQ,Aug,3.171428571
IRYj1b1-mlXqABVsl9SoqQ,Sep,3.742857143
IRYj1b1-mlXqABVsl9SoqQ,Oct,4
IRYj1b1-mlXqABVsl9SoqQ,Nov,3.64516129
IRYj1b1-mlXqABVsl9SoqQ,Dec,3.272727273
iXA8Y2bzvZo8MjALfZxrIg,Jan,3.727272727
iXA8Y2bzvZo8MjALfZxrIg,Feb,3.9
iXA8Y2bzvZo8MjALfZxrIg,Mar,3.461538462
iXA8Y2bzvZo8MjALfZxrIg,Apr,3.75
iXA8Y2bzvZo8MjALfZxrIg,May,3.5625
iXA8Y2bzvZo8MjALfZxrIg,Jun,3.75
iXA8Y2bzvZo8MjALfZxrIg,Jul,3.214285714
iXA8Y2bzvZo8MjALfZxrIg,Aug,3.333333333
iXA8Y2bzvZo8MjALfZxrIg,Sep,4.428571429
iXA8Y2bzvZo8MjALfZxrIg,Oct,3
iXA8Y2bzvZo8MjALfZxrIg,Nov,3.777777778
iXA8Y2bzvZo8MjALfZxrIg,Dec,4
jf67Z1pnwElRSXllpQHiJg,Jan,3.740740741
jf67Z1pnwElRSXllpQHiJg,Feb,3.705882353
jf67Z1pnwElRSXllpQHiJg,Mar,3.428571429
jf67Z1pnwElRSXllpQHiJg,Apr,3
jf67Z1pnwElRSXllpQHiJg,May,3.32
jf67Z1pnwElRSXllpQHiJg,Jun,3.333333333
jf67Z1pnwElRSXllpQHiJg,Jul,3.447368421
jf67Z1pnwElRSXllpQHiJg,Aug,3.068965517
jf67Z1pnwElRSXllpQHiJg,Sep,3.5625
jf67Z1pnwElRSXllpQHiJg,Oct,3.533333333
jf67Z1pnwElRSXllpQHiJg,Nov,3.222222222
jf67Z1pnwElRSXllpQHiJg,Dec,3.068965517
JokKtdXU7zXHcr20Lrk29A,Jan,4.25
JokKtdXU7zXHcr20Lrk29A,Feb,3.555555556
JokKtdXU7zXHcr20Lrk29A,Mar,3.714285714
JokKtdXU7zXHcr20Lrk29A,Apr,3.64
JokKtdXU7zXHcr20Lrk29A,May,3.913043478
JokKtdXU7zXHcr20Lrk29A,Jun,4.035714286
JokKtdXU7zXHcr20Lrk29A,Jul,4.088235294
JokKtdXU7zXHcr20Lrk29A,Aug,4
JokKtdXU7zXHcr20Lrk29A,Sep,4.181818182
JokKtdXU7zXHcr20Lrk29A,Oct,4.037037037
JokKtdXU7zXHcr20Lrk29A,Nov,3.904761905
JokKtdXU7zXHcr20Lrk29A,Dec,4.210526316
jOuERtVf7QePnK9ZcdH5XA,Jan,3.678571429
jOuERtVf7QePnK9ZcdH5XA,Feb,3.526315789
jOuERtVf7QePnK9ZcdH5XA,Mar,3.052631579
jOuERtVf7QePnK9ZcdH5XA,Apr,3.875
jOuERtVf7QePnK9ZcdH5XA,May,3.727272727
jOuERtVf7QePnK9ZcdH5XA,Jun,3.37037037
jOuERtVf7QePnK9ZcdH5XA,Jul,4.173913043
jOuERtVf7QePnK9ZcdH5XA,Aug,3.689655172
jOuERtVf7QePnK9ZcdH5XA,Sep,3.722222222
jOuERtVf7QePnK9ZcdH5XA,Oct,3.583333333
jOuERtVf7QePnK9ZcdH5XA,Nov,3.782608696
jOuERtVf7QePnK9ZcdH5XA,Dec,3.72
JpHE7yhMS5ehA9e8WG_ETg,Jan,3.636363636
JpHE7yhMS5ehA9e8WG_ETg,Feb,3.888888889
JpHE7yhMS5ehA9e8WG_ETg,Mar,3
JpHE7yhMS5ehA9e8WG_ETg,Apr,3.7
JpHE7yhMS5ehA9e8WG_ETg,May,3.484848485
JpHE7yhMS5ehA9e8WG_ETg,Jun,3.633333333
JpHE7yhMS5ehA9e8WG_ETg,Jul,3.557692308
JpHE7yhMS5ehA9e8WG_ETg,Aug,3.225
JpHE7yhMS5ehA9e8WG_ETg,Sep,3.783783784
JpHE7yhMS5ehA9e8WG_ETg,Oct,3.548387097
JpHE7yhMS5ehA9e8WG_ETg,Nov,3.6
JpHE7yhMS5ehA9e8WG_ETg,Dec,3.605263158
K8pM6qQdYu5h6buRE1-_sw,Jan,4
K8pM6qQdYu5h6buRE1-_sw,Feb,3.6875
K8pM6qQdYu5h6buRE1-_sw,Mar,3.538461538
K8pM6qQdYu5h6buRE1-_sw,Apr,3.769230769
K8pM6qQdYu5h6buRE1-_sw,May,3.15
K8pM6qQdYu5h6buRE1-_sw,Jun,4
K8pM6qQdYu5h6buRE1-_sw,Jul,3.8
K8pM6qQdYu5h6buRE1-_sw,Aug,3.346153846
K8pM6qQdYu5h6buRE1-_sw,Sep,3.941176471
K8pM6qQdYu5h6buRE1-_sw,Oct,4.25
K8pM6qQdYu5h6buRE1-_sw,Nov,3.882352941
K8pM6qQdYu5h6buRE1-_sw,Dec,3.666666667
kEC7OlpPnZRxCUyVwq7hig,Jan,2.772727273
kEC7OlpPnZRxCUyVwq7hig,Feb,2.956521739
kEC7OlpPnZRxCUyVwq7hig,Mar,3.1875
kEC7OlpPnZRxCUyVwq7hig,Apr,3.6
kEC7OlpPnZRxCUyVwq7hig,May,2.875
kEC7OlpPnZRxCUyVwq7hig,Jun,2.826086957
kEC7OlpPnZRxCUyVwq7hig,Jul,3.075
kEC7OlpPnZRxCUyVwq7hig,Aug,2.56
kEC7OlpPnZRxCUyVwq7hig,Sep,2.611111111
kEC7OlpPnZRxCUyVwq7hig,Oct,3.133333333
kEC7OlpPnZRxCUyVwq7hig,Nov,3.2
kEC7OlpPnZRxCUyVwq7hig,Dec,3.454545455
KjymOs12Mpy0Kd54b7T9MA,Jan,4.318181818
KjymOs12Mpy0Kd54b7T9MA,Feb,3.444444444
KjymOs12Mpy0Kd54b7T9MA,Mar,4.1
KjymOs12Mpy0Kd54b7T9MA,Apr,3.866666667
KjymOs12Mpy0Kd54b7T9MA,May,3.176470588
KjymOs12Mpy0Kd54b7T9MA,Jun,4
KjymOs12Mpy0Kd54b7T9MA,Jul,4
KjymOs12Mpy0Kd54b7T9MA,Aug,3.545454545
KjymOs12Mpy0Kd54b7T9MA,Sep,3.944444444
KjymOs12Mpy0Kd54b7T9MA,Oct,3
KjymOs12Mpy0Kd54b7T9MA,Nov,3.76
KjymOs12Mpy0Kd54b7T9MA,Dec,3.36
KpZLxHrp2PIP8tLBsPLiww,Jan,3.1
KpZLxHrp2PIP8tLBsPLiww,Feb,4.3
KpZLxHrp2PIP8tLBsPLiww,Mar,4.125
KpZLxHrp2PIP8tLBsPLiww,Apr,3.5
KpZLxHrp2PIP8tLBsPLiww,May,3.090909091
KpZLxHrp2PIP8tLBsPLiww,Jun,3.0625
KpZLxHrp2PIP8tLBsPLiww,Jul,2.818181818
KpZLxHrp2PIP8tLBsPLiww,Aug,3.32
KpZLxHrp2PIP8tLBsPLiww,Sep,3.263157895
KpZLxHrp2PIP8tLBsPLiww,Oct,4.153846154
KpZLxHrp2PIP8tLBsPLiww,Nov,3.571428571
KpZLxHrp2PIP8tLBsPLiww,Dec,2.8
kV768Ru9q3JKNNaKuKAKCw,Jan,3.909090909
kV768Ru9q3JKNNaKuKAKCw,Feb,3.733333333
kV768Ru9q3JKNNaKuKAKCw,Mar,4.538461538
kV768Ru9q3JKNNaKuKAKCw,Apr,4.25
kV768Ru9q3JKNNaKuKAKCw,May,3.9375
kV768Ru9q3JKNNaKuKAKCw,Jun,3.8125
kV768Ru9q3JKNNaKuKAKCw,Jul,4.2
kV768Ru9q3JKNNaKuKAKCw,Aug,3.846153846
kV768Ru9q3JKNNaKuKAKCw,Sep,4.1
kV768Ru9q3JKNNaKuKAKCw,Oct,3.923076923
kV768Ru9q3JKNNaKuKAKCw,Nov,4
kV768Ru9q3JKNNaKuKAKCw,Dec,4.3
LLDGTT7FExklkQvHebEjRg,Jan,3.24
LLDGTT7FExklkQvHebEjRg,Feb,4.2
LLDGTT7FExklkQvHebEjRg,Mar,3.9375
LLDGTT7FExklkQvHebEjRg,Apr,3.8125
LLDGTT7FExklkQvHebEjRg,May,3.789473684
LLDGTT7FExklkQvHebEjRg,Jun,3.157894737
LLDGTT7FExklkQvHebEjRg,Jul,4.269230769
LLDGTT7FExklkQvHebEjRg,Aug,4
LLDGTT7FExklkQvHebEjRg,Sep,4.333333333
LLDGTT7FExklkQvHebEjRg,Oct,3.5
LLDGTT7FExklkQvHebEjRg,Nov,3.857142857
LLDGTT7FExklkQvHebEjRg,Dec,4.047619048
lliksv-tglfUz1T3B3vgvA,Jan,3.56
lliksv-tglfUz1T3B3vgvA,Feb,3.634146341
lliksv-tglfUz1T3B3vgvA,Mar,3.625
lliksv-tglfUz1T3B3vgvA,Apr,3.78125
lliksv-tglfUz1T3B3vgvA,May,3.511111111
lliksv-tglfUz1T3B3vgvA,Jun,3.647058824
lliksv-tglfUz1T3B3vgvA,Jul,3.979166667
lliksv-tglfUz1T3B3vgvA,Aug,3.607843137
lliksv-tglfUz1T3B3vgvA,Sep,3.837837838
lliksv-tglfUz1T3B3vgvA,Oct,3.382352941
lliksv-tglfUz1T3B3vgvA,Nov,3.714285714
lliksv-tglfUz1T3B3vgvA,Dec,3.595744681
m7icEOgYpM3B8TlbYsKPzg,Jan,3.785714286
m7icEOgYpM3B8TlbYsKPzg,Feb,3.5
m7icEOgYpM3B8TlbYsKPzg,Mar,3.214285714
m7icEOgYpM3B8TlbYsKPzg,Apr,3.4
m7icEOgYpM3B8TlbYsKPzg,May,3.5
m7icEOgYpM3B8TlbYsKPzg,Jun,3.538461538
m7icEOgYpM3B8TlbYsKPzg,Jul,3
m7icEOgYpM3B8TlbYsKPzg,Aug,3.266666667
m7icEOgYpM3B8TlbYsKPzg,Sep,4
m7icEOgYpM3B8TlbYsKPzg,Oct,3.111111111
m7icEOgYpM3B8TlbYsKPzg,Nov,3.333333333
m7icEOgYpM3B8TlbYsKPzg,Dec,3.25
mDdqifuTrfXAOfxiLMGu5Q,Jan,3.652173913
mDdqifuTrfXAOfxiLMGu5Q,Feb,4.052631579
mDdqifuTrfXAOfxiLMGu5Q,Mar,3.918918919
mDdqifuTrfXAOfxiLMGu5Q,Apr,3.666666667
mDdqifuTrfXAOfxiLMGu5Q,May,4.075
mDdqifuTrfXAOfxiLMGu5Q,Jun,3.666666667
mDdqifuTrfXAOfxiLMGu5Q,Jul,4.028985507
mDdqifuTrfXAOfxiLMGu5Q,Aug,4.055555556
mDdqifuTrfXAOfxiLMGu5Q,Sep,3.648648649
mDdqifuTrfXAOfxiLMGu5Q,Oct,4.039215686
mDdqifuTrfXAOfxiLMGu5Q,Nov,3.763636364
mDdqifuTrfXAOfxiLMGu5Q,Dec,4.023255814
mPDE4dMqAyLZNCR-tEYQ5w,Jan,3.529411765
mPDE4dMqAyLZNCR-tEYQ5w,Feb,3.041666667
mPDE4dMqAyLZNCR-tEYQ5w,Mar,3.090909091
mPDE4dMqAyLZNCR-tEYQ5w,Apr,3.541666667
mPDE4dMqAyLZNCR-tEYQ5w,May,3.6
mPDE4dMqAyLZNCR-tEYQ5w,Jun,3.1
mPDE4dMqAyLZNCR-tEYQ5w,Jul,2.888888889
mPDE4dMqAyLZNCR-tEYQ5w,Aug,3.210526316
mPDE4dMqAyLZNCR-tEYQ5w,Sep,2.857142857
mPDE4dMqAyLZNCR-tEYQ5w,Oct,3.1
mPDE4dMqAyLZNCR-tEYQ5w,Nov,3.8
mPDE4dMqAyLZNCR-tEYQ5w,Dec,3.571428571
MuIXnv7Oq7X3-4aEsp9dDA,Jan,3.8
MuIXnv7Oq7X3-4aEsp9dDA,Feb,4.263157895
MuIXnv7Oq7X3-4aEsp9dDA,Mar,3.724137931
MuIXnv7Oq7X3-4aEsp9dDA,Apr,3.619047619
MuIXnv7Oq7X3-4aEsp9dDA,May,3.37037037
MuIXnv7Oq7X3-4aEsp9dDA,Jun,3.941176471
MuIXnv7Oq7X3-4aEsp9dDA,Jul,4.428571429
MuIXnv7Oq7X3-4aEsp9dDA,Aug,4.052631579
MuIXnv7Oq7X3-4aEsp9dDA,Sep,3.866666667
MuIXnv7Oq7X3-4aEsp9dDA,Oct,3.75
MuIXnv7Oq7X3-4aEsp9dDA,Nov,4.35
MuIXnv7Oq7X3-4aEsp9dDA,Dec,4.52173913
naLrErBuJr9IWd6_rv6-XQ,Jan,3
naLrErBuJr9IWd6_rv6-XQ,Feb,4.066666667
naLrErBuJr9IWd6_rv6-XQ,Mar,4.333333333
naLrErBuJr9IWd6_rv6-XQ,Apr,3.466666667
naLrErBuJr9IWd6_rv6-XQ,May,4.285714286
naLrErBuJr9IWd6_rv6-XQ,Jun,3.384615385
naLrErBuJr9IWd6_rv6-XQ,Jul,3.85
naLrErBuJr9IWd6_rv6-XQ,Aug,4.333333333
naLrErBuJr9IWd6_rv6-XQ,Sep,4.045454545
naLrErBuJr9IWd6_rv6-XQ,Oct,3.5
naLrErBuJr9IWd6_rv6-XQ,Nov,3.764705882
naLrErBuJr9IWd6_rv6-XQ,Dec,4.125
NGJDjdiDJHmN2xxU7KauuA,Jan,2.933333333
NGJDjdiDJHmN2xxU7KauuA,Feb,2.444444444
NGJDjdiDJHmN2xxU7KauuA,Mar,2.666666667
NGJDjdiDJHmN2xxU7KauuA,Apr,2.518518519
NGJDjdiDJHmN2xxU7KauuA,May,2.961538462
NGJDjdiDJHmN2xxU7KauuA,Jun,2.484848485
NGJDjdiDJHmN2xxU7KauuA,Jul,2.355555556
NGJDjdiDJHmN2xxU7KauuA,Aug,2.684210526
NGJDjdiDJHmN2xxU7KauuA,Sep,2.525
NGJDjdiDJHmN2xxU7KauuA,Oct,2.375
NGJDjdiDJHmN2xxU7KauuA,Nov,2.212121212
NGJDjdiDJHmN2xxU7KauuA,Dec,2.576923077
ngNvH4sxnH9aMukTZ67R_Q,Jan,3
ngNvH4sxnH9aMukTZ67R_Q,Feb,3
ngNvH4sxnH9aMukTZ67R_Q,Mar,2.214285714
ngNvH4sxnH9aMukTZ67R_Q,Apr,3.529411765
ngNvH4sxnH9aMukTZ67R_Q,May,3
ngNvH4sxnH9aMukTZ67R_Q,Jun,3.631578947
ngNvH4sxnH9aMukTZ67R_Q,Jul,3.206896552
ngNvH4sxnH9aMukTZ67R_Q,Aug,4.1
ngNvH4sxnH9aMukTZ67R_Q,Sep,3.3
ngNvH4sxnH9aMukTZ67R_Q,Oct,3.1
ngNvH4sxnH9aMukTZ67R_Q,Nov,3.363636364
ngNvH4sxnH9aMukTZ67R_Q,Dec,3.642857143
NsnZ5GhagXBKrCOelxVQxw,Jan,3.75
NsnZ5GhagXBKrCOelxVQxw,Feb,4.384615385
NsnZ5GhagXBKrCOelxVQxw,Mar,3.545454545
NsnZ5GhagXBKrCOelxVQxw,Apr,3.870967742
NsnZ5GhagXBKrCOelxVQxw,May,3.681818182
NsnZ5GhagXBKrCOelxVQxw,Jun,3.375
NsnZ5GhagXBKrCOelxVQxw,Jul,4
NsnZ5GhagXBKrCOelxVQxw,Aug,3.9
NsnZ5GhagXBKrCOelxVQxw,Sep,4.052631579
NsnZ5GhagXBKrCOelxVQxw,Oct,4.136363636
NsnZ5GhagXBKrCOelxVQxw,Nov,3.65
NsnZ5GhagXBKrCOelxVQxw,Dec,3.548387097
oFvqnJNxHguP3iBj-jZUGA,Jan,3.625
oFvqnJNxHguP3iBj-jZUGA,Feb,4.416666667
oFvqnJNxHguP3iBj-jZUGA,Mar,3.133333333
oFvqnJNxHguP3iBj-jZUGA,Apr,3.466666667
oFvqnJNxHguP3iBj-jZUGA,May,3.111111111
oFvqnJNxHguP3iBj-jZUGA,Jun,3.307692308
oFvqnJNxHguP3iBj-jZUGA,Jul,3.777777778
oFvqnJNxHguP3iBj-jZUGA,Aug,4.166666667
oFvqnJNxHguP3iBj-jZUGA,Sep,3.625
oFvqnJNxHguP3iBj-jZUGA,Oct,3.4
oFvqnJNxHguP3iBj-jZUGA,Nov,3.8
oFvqnJNxHguP3iBj-jZUGA,Dec,3.428571429
OoeTGTkxvSZqqicZ8ljJjw,Jan,2.857142857
OoeTGTkxvSZqqicZ8ljJjw,Feb,3.366666667
OoeTGTkxvSZqqicZ8ljJjw,Mar,2.375
OoeTGTkxvSZqqicZ8ljJjw,Apr,3.36
OoeTGTkxvSZqqicZ8ljJjw,May,3.21875
OoeTGTkxvSZqqicZ8ljJjw,Jun,2.693877551
OoeTGTkxvSZqqicZ8ljJjw,Jul,2.65625
OoeTGTkxvSZqqicZ8ljJjw,Aug,2.666666667
OoeTGTkxvSZqqicZ8ljJjw,Sep,3.5
OoeTGTkxvSZqqicZ8ljJjw,Oct,3.586206897
OoeTGTkxvSZqqicZ8ljJjw,Nov,2.8
OoeTGTkxvSZqqicZ8ljJjw,Dec,2.411764706
OUpcKYGbVYgSS1Oo7aQ56Q,Jan,3.2
OUpcKYGbVYgSS1Oo7aQ56Q,Feb,3.352941176
OUpcKYGbVYgSS1Oo7aQ56Q,Mar,3.3
OUpcKYGbVYgSS1Oo7aQ56Q,Apr,3.666666667
OUpcKYGbVYgSS1Oo7aQ56Q,May,2.9
OUpcKYGbVYgSS1Oo7aQ56Q,Jun,3.380952381
OUpcKYGbVYgSS1Oo7aQ56Q,Jul,2.903225806
OUpcKYGbVYgSS1Oo7aQ56Q,Aug,3.064516129
OUpcKYGbVYgSS1Oo7aQ56Q,Sep,3.133333333
OUpcKYGbVYgSS1Oo7aQ56Q,Oct,3.095238095
OUpcKYGbVYgSS1Oo7aQ56Q,Nov,3.111111111
OUpcKYGbVYgSS1Oo7aQ56Q,Dec,2.8
PqTX5j9yfsPbd1qQCA1EwA,Jan,3.615384615
PqTX5j9yfsPbd1qQCA1EwA,Feb,4.333333333
PqTX5j9yfsPbd1qQCA1EwA,Mar,1.75
PqTX5j9yfsPbd1qQCA1EwA,Apr,3.454545455
PqTX5j9yfsPbd1qQCA1EwA,May,3.4
PqTX5j9yfsPbd1qQCA1EwA,Jun,3.125
PqTX5j9yfsPbd1qQCA1EwA,Jul,2.714285714
PqTX5j9yfsPbd1qQCA1EwA,Aug,3.1875
PqTX5j9yfsPbd1qQCA1EwA,Sep,1.375
PqTX5j9yfsPbd1qQCA1EwA,Oct,3
PqTX5j9yfsPbd1qQCA1EwA,Nov,3.444444444
PqTX5j9yfsPbd1qQCA1EwA,Dec,3.357142857
PXviRcHR1mqdH4vRc2LEAQ,Jan,3.84
PXviRcHR1mqdH4vRc2LEAQ,Feb,3.75
PXviRcHR1mqdH4vRc2LEAQ,Mar,3.411764706
PXviRcHR1mqdH4vRc2LEAQ,Apr,3.473684211
PXviRcHR1mqdH4vRc2LEAQ,May,3.709090909
PXviRcHR1mqdH4vRc2LEAQ,Jun,3.509433962
PXviRcHR1mqdH4vRc2LEAQ,Jul,3.533333333
PXviRcHR1mqdH4vRc2LEAQ,Aug,4
PXviRcHR1mqdH4vRc2LEAQ,Sep,3.804347826
PXviRcHR1mqdH4vRc2LEAQ,Oct,3.738095238
PXviRcHR1mqdH4vRc2LEAQ,Nov,4.096774194
PXviRcHR1mqdH4vRc2LEAQ,Dec,3.818181818
Pz7SWZQhxL6ZbhL9jE2NTA,Jan,3.846153846
Pz7SWZQhxL6ZbhL9jE2NTA,Feb,3.764705882
Pz7SWZQhxL6ZbhL9jE2NTA,Mar,3.636363636
Pz7SWZQhxL6ZbhL9jE2NTA,Apr,4.083333333
Pz7SWZQhxL6ZbhL9jE2NTA,May,4
Pz7SWZQhxL6ZbhL9jE2NTA,Jun,3.545454545
Pz7SWZQhxL6ZbhL9jE2NTA,Jul,3.428571429
Pz7SWZQhxL6ZbhL9jE2NTA,Aug,3.666666667
Pz7SWZQhxL6ZbhL9jE2NTA,Sep,3.857142857
Pz7SWZQhxL6ZbhL9jE2NTA,Oct,3.75
Pz7SWZQhxL6ZbhL9jE2NTA,Nov,3.769230769
Pz7SWZQhxL6ZbhL9jE2NTA,Dec,3.444444444
QbmcCE_cLq4WO8ZMKImaLw,Jan,3.285714286
QbmcCE_cLq4WO8ZMKImaLw,Feb,3.275862069
QbmcCE_cLq4WO8ZMKImaLw,Mar,3.472727273
QbmcCE_cLq4WO8ZMKImaLw,Apr,3.365384615
QbmcCE_cLq4WO8ZMKImaLw,May,3.480769231
QbmcCE_cLq4WO8ZMKImaLw,Jun,3.701492537
QbmcCE_cLq4WO8ZMKImaLw,Jul,3.363636364
QbmcCE_cLq4WO8ZMKImaLw,Aug,3.14516129
QbmcCE_cLq4WO8ZMKImaLw,Sep,3.571428571
QbmcCE_cLq4WO8ZMKImaLw,Oct,3.762711864
QbmcCE_cLq4WO8ZMKImaLw,Nov,3.632653061
QbmcCE_cLq4WO8ZMKImaLw,Dec,3.666666667
QnAzW6KMSciUcuJ20oI3Bw,Jan,3.153846154
QnAzW6KMSciUcuJ20oI3Bw,Feb,3.642857143
QnAzW6KMSciUcuJ20oI3Bw,Mar,4
QnAzW6KMSciUcuJ20oI3Bw,Apr,3.1
QnAzW6KMSciUcuJ20oI3Bw,May,4.1
QnAzW6KMSciUcuJ20oI3Bw,Jun,3.416666667
QnAzW6KMSciUcuJ20oI3Bw,Jul,3.5625
QnAzW6KMSciUcuJ20oI3Bw,Aug,4
QnAzW6KMSciUcuJ20oI3Bw,Sep,3.058823529
QnAzW6KMSciUcuJ20oI3Bw,Oct,3.55
QnAzW6KMSciUcuJ20oI3Bw,Nov,3.4
QnAzW6KMSciUcuJ20oI3Bw,Dec,3.545454545
RbkLrCFa2AL1K25GCnNK8A,Jan,3
RbkLrCFa2AL1K25GCnNK8A,Feb,2.045454545
RbkLrCFa2AL1K25GCnNK8A,Mar,1.7
RbkLrCFa2AL1K25GCnNK8A,Apr,3.148148148
RbkLrCFa2AL1K25GCnNK8A,May,2.95
RbkLrCFa2AL1K25GCnNK8A,Jun,2.653846154
RbkLrCFa2AL1K25GCnNK8A,Jul,2.611111111
RbkLrCFa2AL1K25GCnNK8A,Aug,2.083333333
RbkLrCFa2AL1K25GCnNK8A,Sep,2.833333333
RbkLrCFa2AL1K25GCnNK8A,Oct,3
RbkLrCFa2AL1K25GCnNK8A,Nov,1
RbkLrCFa2AL1K25GCnNK8A,Dec,5
rBPQuQgTcMtUq5-RYhY2uQ,Jan,3.130434783
rBPQuQgTcMtUq5-RYhY2uQ,Feb,3.5
rBPQuQgTcMtUq5-RYhY2uQ,Mar,2.866666667
rBPQuQgTcMtUq5-RYhY2uQ,Apr,3.333333333
rBPQuQgTcMtUq5-RYhY2uQ,May,3.388888889
rBPQuQgTcMtUq5-RYhY2uQ,Jun,3.4375
rBPQuQgTcMtUq5-RYhY2uQ,Jul,3.28
rBPQuQgTcMtUq5-RYhY2uQ,Aug,3
rBPQuQgTcMtUq5-RYhY2uQ,Sep,3.533333333
rBPQuQgTcMtUq5-RYhY2uQ,Oct,3.4
rBPQuQgTcMtUq5-RYhY2uQ,Nov,3.923076923
rBPQuQgTcMtUq5-RYhY2uQ,Dec,3.05
RhbOa-Ft3sZB4B_1j5LfyA,Jan,4.15625
RhbOa-Ft3sZB4B_1j5LfyA,Feb,3.794871795
RhbOa-Ft3sZB4B_1j5LfyA,Mar,3.945945946
RhbOa-Ft3sZB4B_1j5LfyA,Apr,4
RhbOa-Ft3sZB4B_1j5LfyA,May,4.222222222
RhbOa-Ft3sZB4B_1j5LfyA,Jun,3.803571429
RhbOa-Ft3sZB4B_1j5LfyA,Jul,3.861538462
RhbOa-Ft3sZB4B_1j5LfyA,Aug,3.537037037
RhbOa-Ft3sZB4B_1j5LfyA,Sep,3.896551724
RhbOa-Ft3sZB4B_1j5LfyA,Oct,4.016666667
RhbOa-Ft3sZB4B_1j5LfyA,Nov,4.056603774
RhbOa-Ft3sZB4B_1j5LfyA,Dec,3.918032787
ripCiWZ0MblMZSLrIKQAKA,Jan,3.777777778
ripCiWZ0MblMZSLrIKQAKA,Feb,3
ripCiWZ0MblMZSLrIKQAKA,Mar,2.925925926
ripCiWZ0MblMZSLrIKQAKA,Apr,3
ripCiWZ0MblMZSLrIKQAKA,May,2.583333333
ripCiWZ0MblMZSLrIKQAKA,Jun,3
ripCiWZ0MblMZSLrIKQAKA,Jul,3.111111111
ripCiWZ0MblMZSLrIKQAKA,Aug,2.633333333
ripCiWZ0MblMZSLrIKQAKA,Sep,2.740740741
ripCiWZ0MblMZSLrIKQAKA,Oct,2.8
ripCiWZ0MblMZSLrIKQAKA,Nov,2.740740741
ripCiWZ0MblMZSLrIKQAKA,Dec,2.653846154
ryvMJK6AlbU35HKrlFT61w,Jan,4.222222222
ryvMJK6AlbU35HKrlFT61w,Feb,3.777777778
ryvMJK6AlbU35HKrlFT61w,Mar,4.357142857
ryvMJK6AlbU35HKrlFT61w,Apr,4.066666667
ryvMJK6AlbU35HKrlFT61w,May,4.428571429
ryvMJK6AlbU35HKrlFT61w,Jun,3.944444444
ryvMJK6AlbU35HKrlFT61w,Jul,3.928571429
ryvMJK6AlbU35HKrlFT61w,Aug,3.9
ryvMJK6AlbU35HKrlFT61w,Sep,3.909090909
ryvMJK6AlbU35HKrlFT61w,Oct,4.615384615
ryvMJK6AlbU35HKrlFT61w,Nov,4.071428571
ryvMJK6AlbU35HKrlFT61w,Dec,3.857142857
rZbHg4ACfN3iShdsT47WKQ,Jan,4.071428571
rZbHg4ACfN3iShdsT47WKQ,Feb,3.730769231
rZbHg4ACfN3iShdsT47WKQ,Mar,4
rZbHg4ACfN3iShdsT47WKQ,Apr,4.421052632
rZbHg4ACfN3iShdsT47WKQ,May,4.263157895
rZbHg4ACfN3iShdsT47WKQ,Jun,3.866666667
rZbHg4ACfN3iShdsT47WKQ,Jul,3.956521739
rZbHg4ACfN3iShdsT47WKQ,Aug,3.945945946
rZbHg4ACfN3iShdsT47WKQ,Sep,3.476190476
rZbHg4ACfN3iShdsT47WKQ,Oct,3.923076923
rZbHg4ACfN3iShdsT47WKQ,Nov,4.181818182
rZbHg4ACfN3iShdsT47WKQ,Dec,3.894736842
SDwYQ6eSu1htn8vHWv128g,Jan,4.157894737
SDwYQ6eSu1htn8vHWv128g,Feb,4.217391304
SDwYQ6eSu1htn8vHWv128g,Mar,3.722222222
SDwYQ6eSu1htn8vHWv128g,Apr,3.833333333
SDwYQ6eSu1htn8vHWv128g,May,3.882352941
SDwYQ6eSu1htn8vHWv128g,Jun,3.65
SDwYQ6eSu1htn8vHWv128g,Jul,3.9
SDwYQ6eSu1htn8vHWv128g,Aug,3.64
SDwYQ6eSu1htn8vHWv128g,Sep,4.076923077
SDwYQ6eSu1htn8vHWv128g,Oct,3.666666667
SDwYQ6eSu1htn8vHWv128g,Nov,4.333333333
SDwYQ6eSu1htn8vHWv128g,Dec,4.166666667
SHfUGBOznEtDhK6WbVrvIw,Jan,3.428571429
SHfUGBOznEtDhK6WbVrvIw,Feb,3.25
SHfUGBOznEtDhK6WbVrvIw,Mar,3.888888889
SHfUGBOznEtDhK6WbVrvIw,Apr,3.833333333
SHfUGBOznEtDhK6WbVrvIw,May,3.555555556
SHfUGBOznEtDhK6WbVrvIw,Jun,3.681818182
SHfUGBOznEtDhK6WbVrvIw,Jul,3.608695652
SHfUGBOznEtDhK6WbVrvIw,Aug,3.826086957
SHfUGBOznEtDhK6WbVrvIw,Sep,3.5
SHfUGBOznEtDhK6WbVrvIw,Oct,3.5
SHfUGBOznEtDhK6WbVrvIw,Nov,4.153846154
SHfUGBOznEtDhK6WbVrvIw,Dec,3.4
sIyHTizqAiGu12XMLX3N3g,Jan,3.896226415
sIyHTizqAiGu12XMLX3N3g,Feb,3.848484848
sIyHTizqAiGu12XMLX3N3g,Mar,3.552941176
sIyHTizqAiGu12XMLX3N3g,Apr,3.744186047
sIyHTizqAiGu12XMLX3N3g,May,3.564102564
sIyHTizqAiGu12XMLX3N3g,Jun,3.496
sIyHTizqAiGu12XMLX3N3g,Jul,3.567567568
sIyHTizqAiGu12XMLX3N3g,Aug,3.611111111
sIyHTizqAiGu12XMLX3N3g,Sep,3.742574257
sIyHTizqAiGu12XMLX3N3g,Oct,3.529411765
sIyHTizqAiGu12XMLX3N3g,Nov,3.674418605
sIyHTizqAiGu12XMLX3N3g,Dec,3.182539683
SLyacGZuMUKqrQJEooSkjw,Jan,2.6875
SLyacGZuMUKqrQJEooSkjw,Feb,3.4
SLyacGZuMUKqrQJEooSkjw,Mar,3.5
SLyacGZuMUKqrQJEooSkjw,Apr,2.461538462
SLyacGZuMUKqrQJEooSkjw,May,3.411764706
SLyacGZuMUKqrQJEooSkjw,Jun,3.555555556
SLyacGZuMUKqrQJEooSkjw,Jul,2.375
SLyacGZuMUKqrQJEooSkjw,Aug,2.666666667
SLyacGZuMUKqrQJEooSkjw,Sep,2.866666667
SLyacGZuMUKqrQJEooSkjw,Oct,2.8
SLyacGZuMUKqrQJEooSkjw,Nov,2.875
SLyacGZuMUKqrQJEooSkjw,Dec,3.076923077
SsTxjxo8qvqBMvan1rzNzg,Jan,3.4
SsTxjxo8qvqBMvan1rzNzg,Feb,3.52173913
SsTxjxo8qvqBMvan1rzNzg,Mar,3.695652174
SsTxjxo8qvqBMvan1rzNzg,Apr,3.757575758
SsTxjxo8qvqBMvan1rzNzg,May,3.166666667
SsTxjxo8qvqBMvan1rzNzg,Jun,4.32
SsTxjxo8qvqBMvan1rzNzg,Jul,3.6
SsTxjxo8qvqBMvan1rzNzg,Aug,3.794117647
SsTxjxo8qvqBMvan1rzNzg,Sep,3.576923077
SsTxjxo8qvqBMvan1rzNzg,Oct,3.857142857
SsTxjxo8qvqBMvan1rzNzg,Nov,3.636363636
SsTxjxo8qvqBMvan1rzNzg,Dec,3.5
szw8OGJlsqaA3i2oe7dn9A,Jan,4.263157895
szw8OGJlsqaA3i2oe7dn9A,Feb,3
szw8OGJlsqaA3i2oe7dn9A,Mar,4.384615385
szw8OGJlsqaA3i2oe7dn9A,Apr,3.777777778
szw8OGJlsqaA3i2oe7dn9A,May,3.866666667
szw8OGJlsqaA3i2oe7dn9A,Jun,3.647058824
szw8OGJlsqaA3i2oe7dn9A,Jul,3.684210526
szw8OGJlsqaA3i2oe7dn9A,Aug,3.470588235
szw8OGJlsqaA3i2oe7dn9A,Sep,3.615384615
szw8OGJlsqaA3i2oe7dn9A,Oct,4.230769231
szw8OGJlsqaA3i2oe7dn9A,Nov,3.470588235
szw8OGJlsqaA3i2oe7dn9A,Dec,3.866666667
tFU2Js_nbIZOrnKfYJYBBg,Jan,3.761904762
tFU2Js_nbIZOrnKfYJYBBg,Feb,4.035714286
tFU2Js_nbIZOrnKfYJYBBg,Mar,3.16
tFU2Js_nbIZOrnKfYJYBBg,Apr,3.9375
tFU2Js_nbIZOrnKfYJYBBg,May,3.523809524
tFU2Js_nbIZOrnKfYJYBBg,Jun,3.608695652
tFU2Js_nbIZOrnKfYJYBBg,Jul,3.84
tFU2Js_nbIZOrnKfYJYBBg,Aug,3.166666667
tFU2Js_nbIZOrnKfYJYBBg,Sep,3.964285714
tFU2Js_nbIZOrnKfYJYBBg,Oct,3.564102564
tFU2Js_nbIZOrnKfYJYBBg,Nov,4.12
tFU2Js_nbIZOrnKfYJYBBg,Dec,3.162162162
tqu42L0qXzkvYKSruOz0IA,Jan,3.545454545
tqu42L0qXzkvYKSruOz0IA,Feb,3.894736842
tqu42L0qXzkvYKSruOz0IA,Mar,3.3125
tqu42L0qXzkvYKSruOz0IA,Apr,4.357142857
tqu42L0qXzkvYKSruOz0IA,May,3.916666667
tqu42L0qXzkvYKSruOz0IA,Jun,4
tqu42L0qXzkvYKSruOz0IA,Jul,3.588235294
tqu42L0qXzkvYKSruOz0IA,Aug,4.157894737
tqu42L0qXzkvYKSruOz0IA,Sep,3.631578947
tqu42L0qXzkvYKSruOz0IA,Oct,3.592592593
tqu42L0qXzkvYKSruOz0IA,Nov,3.7
tqu42L0qXzkvYKSruOz0IA,Dec,3.269230769
TWD8c5-P7w9v-2KX_GSNZQ,Jan,3.4
TWD8c5-P7w9v-2KX_GSNZQ,Feb,2.944444444
TWD8c5-P7w9v-2KX_GSNZQ,Mar,3.375
TWD8c5-P7w9v-2KX_GSNZQ,Apr,2.789473684
TWD8c5-P7w9v-2KX_GSNZQ,May,3.307692308
TWD8c5-P7w9v-2KX_GSNZQ,Jun,2.5
TWD8c5-P7w9v-2KX_GSNZQ,Jul,2.945945946
TWD8c5-P7w9v-2KX_GSNZQ,Aug,3.333333333
TWD8c5-P7w9v-2KX_GSNZQ,Sep,3.428571429
TWD8c5-P7w9v-2KX_GSNZQ,Oct,3.285714286
TWD8c5-P7w9v-2KX_GSNZQ,Nov,3.227272727
TWD8c5-P7w9v-2KX_GSNZQ,Dec,3.294117647
u9wjRhUjySkHPa_hG3kFOg,Jan,3.666666667
u9wjRhUjySkHPa_hG3kFOg,Feb,3.714285714
u9wjRhUjySkHPa_hG3kFOg,Mar,3.736842105
u9wjRhUjySkHPa_hG3kFOg,Apr,3.9
u9wjRhUjySkHPa_hG3kFOg,May,4.533333333
u9wjRhUjySkHPa_hG3kFOg,Jun,3.470588235
u9wjRhUjySkHPa_hG3kFOg,Jul,4.153846154
u9wjRhUjySkHPa_hG3kFOg,Aug,3.375
u9wjRhUjySkHPa_hG3kFOg,Sep,4.2
u9wjRhUjySkHPa_hG3kFOg,Oct,3.8125
u9wjRhUjySkHPa_hG3kFOg,Nov,3.818181818
u9wjRhUjySkHPa_hG3kFOg,Dec,3.461538462
uJYw4p59AKh8c8h5yWMdOw,Jan,3.157894737
uJYw4p59AKh8c8h5yWMdOw,Feb,2.85
uJYw4p59AKh8c8h5yWMdOw,Mar,3
uJYw4p59AKh8c8h5yWMdOw,Apr,3.115384615
uJYw4p59AKh8c8h5yWMdOw,May,2.727272727
uJYw4p59AKh8c8h5yWMdOw,Jun,2.730769231
uJYw4p59AKh8c8h5yWMdOw,Jul,2.621621622
uJYw4p59AKh8c8h5yWMdOw,Aug,3.142857143
uJYw4p59AKh8c8h5yWMdOw,Sep,3.333333333
uJYw4p59AKh8c8h5yWMdOw,Oct,3.235294118
uJYw4p59AKh8c8h5yWMdOw,Nov,3.433333333
uJYw4p59AKh8c8h5yWMdOw,Dec,2.227272727
uKSX1n1RoAzGq4bV8GPHVg,Jan,3.476190476
uKSX1n1RoAzGq4bV8GPHVg,Feb,3.333333333
uKSX1n1RoAzGq4bV8GPHVg,Mar,3.625
uKSX1n1RoAzGq4bV8GPHVg,Apr,3.625
uKSX1n1RoAzGq4bV8GPHVg,May,3.4
uKSX1n1RoAzGq4bV8GPHVg,Jun,3.214285714
uKSX1n1RoAzGq4bV8GPHVg,Jul,3.909090909
uKSX1n1RoAzGq4bV8GPHVg,Aug,3.611111111
uKSX1n1RoAzGq4bV8GPHVg,Sep,4.125
uKSX1n1RoAzGq4bV8GPHVg,Oct,3.642857143
uKSX1n1RoAzGq4bV8GPHVg,Nov,4
uKSX1n1RoAzGq4bV8GPHVg,Dec,4.428571429
V1nEpIRmEa1768oj_tuxeQ,Jan,3.681818182
V1nEpIRmEa1768oj_tuxeQ,Feb,4.413793103
V1nEpIRmEa1768oj_tuxeQ,Mar,3.846153846
V1nEpIRmEa1768oj_tuxeQ,Apr,3.793103448
V1nEpIRmEa1768oj_tuxeQ,May,3.84
V1nEpIRmEa1768oj_tuxeQ,Jun,4.105263158
V1nEpIRmEa1768oj_tuxeQ,Jul,4.1
V1nEpIRmEa1768oj_tuxeQ,Aug,3.444444444
V1nEpIRmEa1768oj_tuxeQ,Sep,3.391304348
V1nEpIRmEa1768oj_tuxeQ,Oct,3.777777778
V1nEpIRmEa1768oj_tuxeQ,Nov,3.75
V1nEpIRmEa1768oj_tuxeQ,Dec,4.46875
vSf0pqvaLp5sVSjJPeOqqQ,Jan,3.736842105
vSf0pqvaLp5sVSjJPeOqqQ,Feb,3.052631579
vSf0pqvaLp5sVSjJPeOqqQ,Mar,3.777777778
vSf0pqvaLp5sVSjJPeOqqQ,Apr,3.111111111
vSf0pqvaLp5sVSjJPeOqqQ,May,3.736842105
vSf0pqvaLp5sVSjJPeOqqQ,Jun,3.785714286
vSf0pqvaLp5sVSjJPeOqqQ,Jul,4.6
vSf0pqvaLp5sVSjJPeOqqQ,Aug,3.133333333
vSf0pqvaLp5sVSjJPeOqqQ,Sep,3.458333333
vSf0pqvaLp5sVSjJPeOqqQ,Oct,2.333333333
vSf0pqvaLp5sVSjJPeOqqQ,Nov,3.681818182
vSf0pqvaLp5sVSjJPeOqqQ,Dec,3.666666667
vT12uXtdBQ10_lUcl-M40w,Jan,2.6
vT12uXtdBQ10_lUcl-M40w,Feb,3.857142857
vT12uXtdBQ10_lUcl-M40w,Mar,3.071428571
vT12uXtdBQ10_lUcl-M40w,Apr,2.933333333
vT12uXtdBQ10_lUcl-M40w,May,3.0625
vT12uXtdBQ10_lUcl-M40w,Jun,2.583333333
vT12uXtdBQ10_lUcl-M40w,Jul,2.954545455
vT12uXtdBQ10_lUcl-M40w,Aug,3.052631579
vT12uXtdBQ10_lUcl-M40w,Sep,3.307692308
vT12uXtdBQ10_lUcl-M40w,Oct,3.1
vT12uXtdBQ10_lUcl-M40w,Nov,2.857142857
vT12uXtdBQ10_lUcl-M40w,Dec,2.2
VVeogjZya58oiTxK7qUjAQ,Jan,4
VVeogjZya58oiTxK7qUjAQ,Feb,3.393939394
VVeogjZya58oiTxK7qUjAQ,Mar,3.571428571
VVeogjZya58oiTxK7qUjAQ,Apr,3.41025641
VVeogjZya58oiTxK7qUjAQ,May,3.628571429
VVeogjZya58oiTxK7qUjAQ,Jun,3.782608696
VVeogjZya58oiTxK7qUjAQ,Jul,3.529411765
VVeogjZya58oiTxK7qUjAQ,Aug,4.192307692
VVeogjZya58oiTxK7qUjAQ,Sep,3.961538462
VVeogjZya58oiTxK7qUjAQ,Oct,4.045454545
VVeogjZya58oiTxK7qUjAQ,Nov,4.090909091
VVeogjZya58oiTxK7qUjAQ,Dec,4.272727273
vxxMqBaAHuWdx4impsLSSA,Jan,2.933333333
vxxMqBaAHuWdx4impsLSSA,Feb,2.466666667
vxxMqBaAHuWdx4impsLSSA,Mar,3.714285714
vxxMqBaAHuWdx4impsLSSA,Apr,2.85
vxxMqBaAHuWdx4impsLSSA,May,3.571428571
vxxMqBaAHuWdx4impsLSSA,Jun,3.111111111
vxxMqBaAHuWdx4impsLSSA,Jul,3.6
vxxMqBaAHuWdx4impsLSSA,Aug,2.9
vxxMqBaAHuWdx4impsLSSA,Sep,3.111111111
vxxMqBaAHuWdx4impsLSSA,Oct,3.923076923
vxxMqBaAHuWdx4impsLSSA,Nov,3.7
vxxMqBaAHuWdx4impsLSSA,Dec,4.333333333
W4A_cYOAHhOQ-wb8E7suvg,Jan,3.928571429
W4A_cYOAHhOQ-wb8E7suvg,Feb,3.571428571
W4A_cYOAHhOQ-wb8E7suvg,Mar,4.4
W4A_cYOAHhOQ-wb8E7suvg,Apr,3.75
W4A_cYOAHhOQ-wb8E7suvg,May,4.875
W4A_cYOAHhOQ-wb8E7suvg,Jun,3.333333333
W4A_cYOAHhOQ-wb8E7suvg,Jul,3.625
W4A_cYOAHhOQ-wb8E7suvg,Aug,4.545454545
W4A_cYOAHhOQ-wb8E7suvg,Sep,3.428571429
W4A_cYOAHhOQ-wb8E7suvg,Oct,3.6
W4A_cYOAHhOQ-wb8E7suvg,Nov,3.666666667
W4A_cYOAHhOQ-wb8E7suvg,Dec,3.642857143
WIlklz81DcJkUWJThbnJbQ,Jan,3.476190476
WIlklz81DcJkUWJThbnJbQ,Feb,3.736842105
WIlklz81DcJkUWJThbnJbQ,Mar,3.925925926
WIlklz81DcJkUWJThbnJbQ,Apr,3.7
WIlklz81DcJkUWJThbnJbQ,May,4.033333333
WIlklz81DcJkUWJThbnJbQ,Jun,3.851851852
WIlklz81DcJkUWJThbnJbQ,Jul,3.457142857
WIlklz81DcJkUWJThbnJbQ,Aug,3.578947368
WIlklz81DcJkUWJThbnJbQ,Sep,3.6
WIlklz81DcJkUWJThbnJbQ,Oct,3.68
WIlklz81DcJkUWJThbnJbQ,Nov,3.9
WIlklz81DcJkUWJThbnJbQ,Dec,3.764705882
WNy1uzcmm_UHmTyR--o5IA,Jan,3.153846154
WNy1uzcmm_UHmTyR--o5IA,Feb,3.777777778
WNy1uzcmm_UHmTyR--o5IA,Mar,3.777777778
WNy1uzcmm_UHmTyR--o5IA,Apr,4.222222222
WNy1uzcmm_UHmTyR--o5IA,May,3.785714286
WNy1uzcmm_UHmTyR--o5IA,Jun,4.384615385
WNy1uzcmm_UHmTyR--o5IA,Jul,3.52
WNy1uzcmm_UHmTyR--o5IA,Aug,3.842105263
WNy1uzcmm_UHmTyR--o5IA,Sep,3.5
WNy1uzcmm_UHmTyR--o5IA,Oct,3.538461538
WNy1uzcmm_UHmTyR--o5IA,Nov,3.32
WNy1uzcmm_UHmTyR--o5IA,Dec,4
WnY4HPJIYNXOPQH2mFzl2Q,Jan,3.75
WnY4HPJIYNXOPQH2mFzl2Q,Feb,3.636363636
WnY4HPJIYNXOPQH2mFzl2Q,Mar,3.25
WnY4HPJIYNXOPQH2mFzl2Q,Apr,2.777777778
WnY4HPJIYNXOPQH2mFzl2Q,May,3.181818182
WnY4HPJIYNXOPQH2mFzl2Q,Jun,3
WnY4HPJIYNXOPQH2mFzl2Q,Jul,2.642857143
WnY4HPJIYNXOPQH2mFzl2Q,Aug,2.636363636
WnY4HPJIYNXOPQH2mFzl2Q,Sep,5
WnY4HPJIYNXOPQH2mFzl2Q,Oct,5
WnY4HPJIYNXOPQH2mFzl2Q,Nov,4.333333333
WnY4HPJIYNXOPQH2mFzl2Q,Dec,4.333333333
WT-v-DgQvW38DewVyTLdTA,Jan,2.894736842
WT-v-DgQvW38DewVyTLdTA,Feb,2
WT-v-DgQvW38DewVyTLdTA,Mar,2.3
WT-v-DgQvW38DewVyTLdTA,Apr,3.4
WT-v-DgQvW38DewVyTLdTA,May,3.166666667
WT-v-DgQvW38DewVyTLdTA,Jun,2.709677419
WT-v-DgQvW38DewVyTLdTA,Jul,3.083333333
WT-v-DgQvW38DewVyTLdTA,Aug,2.6
WT-v-DgQvW38DewVyTLdTA,Sep,3.307692308
WT-v-DgQvW38DewVyTLdTA,Oct,2.888888889
WT-v-DgQvW38DewVyTLdTA,Nov,3
WT-v-DgQvW38DewVyTLdTA,Dec,2.6
xfwRO04KbAPw_zRotCfWQQ,Jan,3.465116279
xfwRO04KbAPw_zRotCfWQQ,Feb,3.810810811
xfwRO04KbAPw_zRotCfWQQ,Mar,3.302325581
xfwRO04KbAPw_zRotCfWQQ,Apr,3.869565217
xfwRO04KbAPw_zRotCfWQQ,May,3.469387755
xfwRO04KbAPw_zRotCfWQQ,Jun,2.763157895
xfwRO04KbAPw_zRotCfWQQ,Jul,3.929824561
xfwRO04KbAPw_zRotCfWQQ,Aug,3.780487805
xfwRO04KbAPw_zRotCfWQQ,Sep,3.704545455
xfwRO04KbAPw_zRotCfWQQ,Oct,3.53125
xfwRO04KbAPw_zRotCfWQQ,Nov,2.904761905
xfwRO04KbAPw_zRotCfWQQ,Dec,3.166666667
Xhg93cMdemu5pAMkDoEdtQ,Jan,3.475
Xhg93cMdemu5pAMkDoEdtQ,Feb,3.054545455
Xhg93cMdemu5pAMkDoEdtQ,Mar,3.214285714
Xhg93cMdemu5pAMkDoEdtQ,Apr,3.333333333
Xhg93cMdemu5pAMkDoEdtQ,May,3.226415094
Xhg93cMdemu5pAMkDoEdtQ,Jun,3.354166667
Xhg93cMdemu5pAMkDoEdtQ,Jul,2.808219178
Xhg93cMdemu5pAMkDoEdtQ,Aug,3.296875
Xhg93cMdemu5pAMkDoEdtQ,Sep,2.787234043
Xhg93cMdemu5pAMkDoEdtQ,Oct,2.961538462
Xhg93cMdemu5pAMkDoEdtQ,Nov,3.35
Xhg93cMdemu5pAMkDoEdtQ,Dec,3.066666667
xyTJYlbE_MLouK6rCou6zg,Jan,3.909090909
xyTJYlbE_MLouK6rCou6zg,Feb,3.954545455
xyTJYlbE_MLouK6rCou6zg,Mar,3.1
xyTJYlbE_MLouK6rCou6zg,Apr,3.777777778
xyTJYlbE_MLouK6rCou6zg,May,3.818181818
xyTJYlbE_MLouK6rCou6zg,Jun,3.76
xyTJYlbE_MLouK6rCou6zg,Jul,3.580645161
xyTJYlbE_MLouK6rCou6zg,Aug,3.928571429
xyTJYlbE_MLouK6rCou6zg,Sep,3.111111111
xyTJYlbE_MLouK6rCou6zg,Oct,3.476190476
xyTJYlbE_MLouK6rCou6zg,Nov,3.461538462
xyTJYlbE_MLouK6rCou6zg,Dec,3.705882353
y4Qyf4PPSOHdQFTr3Zi_KA,Jan,4.076923077
y4Qyf4PPSOHdQFTr3Zi_KA,Feb,3.714285714
y4Qyf4PPSOHdQFTr3Zi_KA,Mar,3.833333333
y4Qyf4PPSOHdQFTr3Zi_KA,Apr,3.416666667
y4Qyf4PPSOHdQFTr3Zi_KA,May,3.529411765
y4Qyf4PPSOHdQFTr3Zi_KA,Jun,3.357142857
y4Qyf4PPSOHdQFTr3Zi_KA,Jul,3.315789474
y4Qyf4PPSOHdQFTr3Zi_KA,Aug,3.565217391
y4Qyf4PPSOHdQFTr3Zi_KA,Sep,2.111111111
y4Qyf4PPSOHdQFTr3Zi_KA,Oct,2.894736842
y4Qyf4PPSOHdQFTr3Zi_KA,Nov,2.818181818
y4Qyf4PPSOHdQFTr3Zi_KA,Dec,3
YacTpiq0ZptFcXD7I-kdGA,Jan,3.3125
YacTpiq0ZptFcXD7I-kdGA,Feb,3.75
YacTpiq0ZptFcXD7I-kdGA,Mar,3.142857143
YacTpiq0ZptFcXD7I-kdGA,Apr,3.666666667
YacTpiq0ZptFcXD7I-kdGA,May,3.384615385
YacTpiq0ZptFcXD7I-kdGA,Jun,3.5
YacTpiq0ZptFcXD7I-kdGA,Jul,4.181818182
YacTpiq0ZptFcXD7I-kdGA,Aug,3.181818182
YacTpiq0ZptFcXD7I-kdGA,Sep,3.916666667
YacTpiq0ZptFcXD7I-kdGA,Oct,3.545454545
YacTpiq0ZptFcXD7I-kdGA,Nov,3.545454545
YacTpiq0ZptFcXD7I-kdGA,Dec,3.5625
YKOvlBNkF4KpUP9q7x862w,Jan,3.523809524
YKOvlBNkF4KpUP9q7x862w,Feb,4.090909091
YKOvlBNkF4KpUP9q7x862w,Mar,3.842105263
YKOvlBNkF4KpUP9q7x862w,Apr,3.5
YKOvlBNkF4KpUP9q7x862w,May,3.407407407
YKOvlBNkF4KpUP9q7x862w,Jun,3.823529412
YKOvlBNkF4KpUP9q7x862w,Jul,3.666666667
YKOvlBNkF4KpUP9q7x862w,Aug,3.5
YKOvlBNkF4KpUP9q7x862w,Sep,3.8
YKOvlBNkF4KpUP9q7x862w,Oct,3.705882353
YKOvlBNkF4KpUP9q7x862w,Nov,4.4
YKOvlBNkF4KpUP9q7x862w,Dec,4.105263158
ynK2ljcx5S1qSxouBrN5Xg,Jan,2.642857143
ynK2ljcx5S1qSxouBrN5Xg,Feb,3.058823529
ynK2ljcx5S1qSxouBrN5Xg,Mar,2.5
ynK2ljcx5S1qSxouBrN5Xg,Apr,3.3125
ynK2ljcx5S1qSxouBrN5Xg,May,2.285714286
ynK2ljcx5S1qSxouBrN5Xg,Jun,2.833333333
ynK2ljcx5S1qSxouBrN5Xg,Jul,2.714285714
ynK2ljcx5S1qSxouBrN5Xg,Aug,2.388888889
ynK2ljcx5S1qSxouBrN5Xg,Sep,2.9
ynK2ljcx5S1qSxouBrN5Xg,Oct,2.9375
ynK2ljcx5S1qSxouBrN5Xg,Nov,2.823529412
ynK2ljcx5S1qSxouBrN5Xg,Dec,2.555555556
YNQgak-ZLtYJQxlDwN-qIg,Jan,3.444444444
YNQgak-ZLtYJQxlDwN-qIg,Feb,4.08
YNQgak-ZLtYJQxlDwN-qIg,Mar,3.222222222
YNQgak-ZLtYJQxlDwN-qIg,Apr,3.24137931
YNQgak-ZLtYJQxlDwN-qIg,May,3.12
YNQgak-ZLtYJQxlDwN-qIg,Jun,3.258064516
YNQgak-ZLtYJQxlDwN-qIg,Jul,3.642857143
YNQgak-ZLtYJQxlDwN-qIg,Aug,3.837837838
YNQgak-ZLtYJQxlDwN-qIg,Sep,3
YNQgak-ZLtYJQxlDwN-qIg,Oct,3.285714286
YNQgak-ZLtYJQxlDwN-qIg,Nov,3.777777778
YNQgak-ZLtYJQxlDwN-qIg,Dec,3.028571429
YrIfgzLj0DPStJ1ESAS_Qg,Jan,3.6875
YrIfgzLj0DPStJ1ESAS_Qg,Feb,4.375
YrIfgzLj0DPStJ1ESAS_Qg,Mar,3.631578947
YrIfgzLj0DPStJ1ESAS_Qg,Apr,3.954545455
YrIfgzLj0DPStJ1ESAS_Qg,May,2.7
YrIfgzLj0DPStJ1ESAS_Qg,Jun,3.538461538
YrIfgzLj0DPStJ1ESAS_Qg,Jul,4.411764706
YrIfgzLj0DPStJ1ESAS_Qg,Aug,4.444444444
YrIfgzLj0DPStJ1ESAS_Qg,Sep,3.555555556
YrIfgzLj0DPStJ1ESAS_Qg,Oct,3.875
YrIfgzLj0DPStJ1ESAS_Qg,Nov,3.7
YrIfgzLj0DPStJ1ESAS_Qg,Dec,4
Z0kyK8wCBNGkkUT9UrMWcg,Jan,3.789473684
Z0kyK8wCBNGkkUT9UrMWcg,Feb,3
Z0kyK8wCBNGkkUT9UrMWcg,Mar,3.666666667
Z0kyK8wCBNGkkUT9UrMWcg,Apr,3.25
Z0kyK8wCBNGkkUT9UrMWcg,May,4.058823529
Z0kyK8wCBNGkkUT9UrMWcg,Jun,3.230769231
Z0kyK8wCBNGkkUT9UrMWcg,Jul,4
Z0kyK8wCBNGkkUT9UrMWcg,Aug,4.083333333
Z0kyK8wCBNGkkUT9UrMWcg,Sep,4.090909091
Z0kyK8wCBNGkkUT9UrMWcg,Oct,3.615384615
Z0kyK8wCBNGkkUT9UrMWcg,Nov,3.777777778
Z0kyK8wCBNGkkUT9UrMWcg,Dec,3.3
z3SyT8blMIhsZNvKJgKcRA,Jan,3.523809524
z3SyT8blMIhsZNvKJgKcRA,Feb,3.388888889
z3SyT8blMIhsZNvKJgKcRA,Mar,1.916666667
z3SyT8blMIhsZNvKJgKcRA,Apr,3.2
z3SyT8blMIhsZNvKJgKcRA,May,2.714285714
z3SyT8blMIhsZNvKJgKcRA,Jun,2.631578947
z3SyT8blMIhsZNvKJgKcRA,Jul,2.902439024
z3SyT8blMIhsZNvKJgKcRA,Aug,3.227272727
z3SyT8blMIhsZNvKJgKcRA,Sep,2.714285714
z3SyT8blMIhsZNvKJgKcRA,Oct,3.611111111
z3SyT8blMIhsZNvKJgKcRA,Nov,3.185185185
z3SyT8blMIhsZNvKJgKcRA,Dec,2.805555556
ZP6qFq7LUh6Tr7WHPoOW6g,Jan,4.081081081
ZP6qFq7LUh6Tr7WHPoOW6g,Feb,3.525
ZP6qFq7LUh6Tr7WHPoOW6g,Mar,4.146341463
ZP6qFq7LUh6Tr7WHPoOW6g,Apr,3.481481481
ZP6qFq7LUh6Tr7WHPoOW6g,May,3.647058824
ZP6qFq7LUh6Tr7WHPoOW6g,Jun,4.16
ZP6qFq7LUh6Tr7WHPoOW6g,Jul,3.871794872
ZP6qFq7LUh6Tr7WHPoOW6g,Aug,3.885714286
ZP6qFq7LUh6Tr7WHPoOW6g,Sep,3.47826087
ZP6qFq7LUh6Tr7WHPoOW6g,Oct,3.777777778
ZP6qFq7LUh6Tr7WHPoOW6g,Nov,3.409090909
ZP6qFq7LUh6Tr7WHPoOW6g,Dec,4.066666667
zt1TpTuJ6y9n551sw9TaEg,Jan,3.845070423
zt1TpTuJ6y9n551sw9TaEg,Feb,3.292307692
zt1TpTuJ6y9n551sw9TaEg,Mar,3.478873239
zt1TpTuJ6y9n551sw9TaEg,Apr,3.647058824
zt1TpTuJ6y9n551sw9TaEg,May,3.384615385
zt1TpTuJ6y9n551sw9TaEg,Jun,3.546666667
zt1TpTuJ6y9n551sw9TaEg,Jul,3.18556701
zt1TpTuJ6y9n551sw9TaEg,Aug,3.289473684
zt1TpTuJ6y9n551sw9TaEg,Sep,3.323529412
zt1TpTuJ6y9n551sw9TaEg,Oct,3.833333333
zt1TpTuJ6y9n551sw9TaEg,Nov,3.596491228
zt1TpTuJ6y9n551sw9TaEg,Dec,3.173913043
zTCCbg7mGslxACL5KlAPIQ,Jan,3.181818182
zTCCbg7mGslxACL5KlAPIQ,Feb,3.318181818
zTCCbg7mGslxACL5KlAPIQ,Mar,3.15
zTCCbg7mGslxACL5KlAPIQ,Apr,2.705882353
zTCCbg7mGslxACL5KlAPIQ,May,2.916666667
zTCCbg7mGslxACL5KlAPIQ,Jun,3.6875
zTCCbg7mGslxACL5KlAPIQ,Jul,3.428571429
zTCCbg7mGslxACL5KlAPIQ,Aug,3.666666667
zTCCbg7mGslxACL5KlAPIQ,Sep,3.1875
zTCCbg7mGslxACL5KlAPIQ,Oct,2.904761905
zTCCbg7mGslxACL5KlAPIQ,Nov,3.272727273
zTCCbg7mGslxACL5KlAPIQ,Dec,3.083333333
#NAME?,Jan,3.888888889
#NAME?,Feb,3.666666667
#NAME?,Mar,3.666666667
#NAME?,Apr,2.875
#NAME?,May,3.555555556
#NAME?,Jun,3.375
#NAME?,Jul,3.318181818
#NAME?,Aug,3.125
#NAME?,Sep,3.705882353
#NAME?,Oct,3
#NAME?,Nov,3.333333333
#NAME?,Dec,4.368421053
